holidays:
  # @attrib https://en.wikipedia.org/wiki/Public_holidays_in_Bolivia
  # @source http://gacetaoficialdebolivia.gob.bo/normas/buscar/5019
  # @source https://www.embajadadebolivia.es/informacion-general/
  BO:
    names:
      es: Bolivia
      en: Bolivia
    dayoff: sunday
    langs:
      - es
      - qu
      - ay
    zones:
      - America/La_Paz
    days:
      01-01:
        _name: 01-01
      substitutes 01-01 if sunday then next monday:
        name:
          en: New Year's Day (substitutes)
          es: Año Nuevo (substituto)
      01-22:
        name:
          en: Plurinational State Foundation Day
          es: Día de la Creación del Estado Plurinacional de Bolivia
      substitutes 01-22 if sunday then next monday:
        name:
          en: Plurinational State Foundation Day (substitutes)
          es: Día de la Creación del Estado Plurinacional de Bolivia (substituto)
      02-02:
        name:
          en: Feast of the Virgin of Candelaria
          qu: Mamacha Candelaria
          es: Fiesta de la Virgen de Candelaria
        type: observance
      easter -48:
        _name: easter -48
        name:
          es: Lunes de Carnaval
      easter -47:
        _name: easter -47
        name:
          es: Martes de Carnaval
      03-19:
        name:
          en: Father's Day
          es: Día del Padre
        type: observance
      03-23:
        name:
          en: Day of the Sea
          es: Día del Mar
        type: observance
      easter -3:
        _name: easter -3
        type: observance
      easter -2:
        _name: easter -2
      04-12:
        name:
          en: Children's Day
          es: Día del Niño
        type: observance
      05-01:
        _name: 05-01
      substitutes 05-01 if sunday then next monday:
        _name: 05-01
        name:
          en: Labour Day (substitutes)
          es: Día del Trabajo (substituto)
      05-27:
        name:
          en: Mother's Day
          es: Día de la Madre
        type: observance
      06-06:
        name:
          en: Teacher's Day
          es: Día del Maestro
        type: observance
      easter 60:
        _name: easter 60
      06-21:
        name:
          en: Andean Amazonian Chaqueño New Year
          ay: Willkakuti
          es: Año Nuevo Andino Amazónico Chaqueño
      substitutes 06-21 if sunday then next monday:
        name:
          en: Andean Amazonic Chacoan New Year (substitutes)
          ay: Willkakuti (substituto)
          es: Año Nuevo Andino Amazónico Chaqueño (substituto)
      08-06:
        _name: Independence Day
      substitutes 08-06 if sunday then next monday:
        name:
          en: Independence Day (substitutes)
          es: Día de la Independencia (substituto)
      08-17:
        name:
          en: Flag Day
          es: Día de la Bandera
        type: observance
      09-21:
        name:
          en: Student's Day
          es: Día del Estudiante
        type: observance
      10-11:
        name:
          es: Día de la Mujer Boliviana
          en: Bolivian Woman's Day
        type: observance
      11-01:
        _name: 11-01
        name:
          es: Todos Santos
        type: observance
      11-02:
        _name: 11-02
        name:
          es: Todos Santos
      12-25:
        _name: 12-25
      substitutes 12-25 if sunday then next monday:
        _name: 12-25
        name:
          en: Christmas Day (substitutes)
          es: Navidad (substituto)
    states:
      B:
        name: Beni
        days:
          11-18:
            name:
              es: Efemérides del Beni
              en: Beni Day
          substitutes 11-18 if sunday then next monday:
            name:
              es: Efemérides del Beni (substituto)
              en: Beni Day (substitutes)
      C:
        name: Cochabamba
        days:
          09-14:
            name:
              es: Efemérides de Cochabamba
              en: Cochabamba Day
          substitutes 09-14 if sunday then next monday:
            name:
              es: Efemérides de Cochabamba (substituto)
              en: Cochabamba Day (substitutes)
      H:
        name: Chuquisaca
        days:
          05-25:
            name:
              es: Efemérides de Chuquisaca
              en: Chuquisaca Day
          substitutes 05-25 if sunday then next monday:
            name:
              es: Efemérides de Chuquisaca (substituto)
              en: Chuquisaca Day (substitutes)
      L:
        name: La Paz
        days:
          07-16:
            name:
              es: Efemérides de La Paz
              en: La Paz Day
          substitutes 07-16 if sunday then next monday:
            name:
              es: Efemérides de La Paz (substituto)
              en: La Paz Day (substitutes)
      "N":
        name: Pando
        days:
          09-24:
            name:
              es: Efemérides de Pando
              en: Pando Day
          substitutes 09-24 if sunday then next monday:
            name:
              es: Efemérides de Pando (substituto)
              en: Pando Day (substitutes)
      O:
        name: Oruro
        days:
          02-10:
            name:
              es: Efemérides de Oruro
              en: Oruro Day
          substitutes 02-10 if sunday then next monday:
            name:
              es: Efemérides de Oruro (substituto)
              en: Oruro Day (substitutes)
      P:
        name: Potosí
        days:
          11-10:
            name:
              es: Efemérides de Potosí
              en: Potosí Day
          substitutes 11-10 if sunday then next monday:
            name:
              es: Efemérides de Potosí (substituto)
              en: Potosí Day (substitutes)
      S:
        name: Santa Cruz
        days:
          09-24:
            name:
              es: Efemérides de Santa Cruz
              en: Santa Cruz Day
          substitutes 09-24 if sunday then next monday:
            name:
              es: Efemérides de Santa Cruz (substituto)
              en: Santa Cruz Day (substitutes)
      T:
        name: Tarija
        days:
          04-15:
            name:
              es: Efemérides de Tarija
              en: Tarija Day
          substitutes 04-15 if sunday then next monday:
            name:
              es: Efemérides de Tarija (substituto)
              en: Tarija Day (substitutes)
