[
  {
    "date": "2024-01-01 00:00:00",
    "start": "2024-01-01T04:00:00.000Z",
    "end": "2024-01-02T04:00:00.000Z",
    "name": "New Year's Day",
    "type": "public",
    "rule": "01-01 and if sunday then next monday",
    "_weekday": "Mon"
  },
  {
    "date": "2024-03-29 00:00:00",
    "start": "2024-03-29T04:00:00.000Z",
    "end": "2024-03-30T04:00:00.000Z",
    "name": "Good Friday",
    "type": "public",
    "rule": "easter -2",
    "_weekday": "Fri"
  },
  {
    "date": "2024-03-31 00:00:00",
    "start": "2024-03-31T04:00:00.000Z",
    "end": "2024-04-01T04:00:00.000Z",
    "name": "Easter Sunday",
    "type": "observance",
    "rule": "easter",
    "_weekday": "Sun"
  },
  {
    "date": "2024-04-01 00:00:00",
    "start": "2024-04-01T04:00:00.000Z",
    "end": "2024-04-02T04:00:00.000Z",
    "name": "Easter Monday",
    "type": "public",
    "rule": "easter 1",
    "_weekday": "Mon"
  },
  {
    "date": "2024-05-01 00:00:00",
    "start": "2024-05-01T04:00:00.000Z",
    "end": "2024-05-02T04:00:00.000Z",
    "name": "Labour Day",
    "type": "public",
    "rule": "05-01",
    "_weekday": "Wed"
  },
  {
    "date": "2024-05-19 00:00:00",
    "start": "2024-05-19T04:00:00.000Z",
    "end": "2024-05-20T04:00:00.000Z",
    "name": "Pentecost",
    "type": "observance",
    "rule": "easter 49",
    "_weekday": "Sun"
  },
  {
    "date": "2024-05-20 00:00:00",
    "start": "2024-05-20T04:00:00.000Z",
    "end": "2024-05-21T04:00:00.000Z",
    "name": "Whit Monday",
    "type": "public",
    "rule": "easter 50",
    "_weekday": "Mon"
  },
  {
    "date": "2024-08-01 00:00:00",
    "start": "2024-08-01T04:00:00.000Z",
    "end": "2024-08-02T04:00:00.000Z",
    "name": "J'Ouvert Morning",
    "type": "public",
    "rule": "08-01",
    "_weekday": "Thu"
  },
  {
    "date": "2024-08-02 00:00:00",
    "start": "2024-08-02T04:00:00.000Z",
    "end": "2024-08-03T04:00:00.000Z",
    "name": "Last Lap",
    "type": "public",
    "rule": "08-02",
    "_weekday": "Fri"
  },
  {
    "date": "2024-11-01 00:00:00",
    "start": "2024-11-01T04:00:00.000Z",
    "end": "2024-11-02T04:00:00.000Z",
    "name": "Independence Day",
    "type": "public",
    "rule": "11-01 if saturday,sunday then next monday",
    "_weekday": "Fri"
  },
  {
    "date": "2024-12-09 00:00:00",
    "start": "2024-12-09T04:00:00.000Z",
    "end": "2024-12-10T04:00:00.000Z",
    "name": "V.C Bird Day",
    "type": "public",
    "rule": "12-09",
    "_weekday": "Mon"
  },
  {
    "date": "2024-12-25 00:00:00",
    "start": "2024-12-25T04:00:00.000Z",
    "end": "2024-12-26T04:00:00.000Z",
    "name": "Christmas Day",
    "type": "public",
    "rule": "12-25 and if saturday then next monday if sunday then next tuesday",
    "_weekday": "Wed"
  },
  {
    "date": "2024-12-26 00:00:00",
    "start": "2024-12-26T04:00:00.000Z",
    "end": "2024-12-27T04:00:00.000Z",
    "name": "Boxing Day",
    "type": "public",
    "rule": "12-26 and if sunday then next monday",
    "_weekday": "Thu"
  }
]