[
  {
    "date": "2016-01-01 00:00:00",
    "start": "2015-12-31T13:30:00.000Z",
    "end": "2016-01-01T13:30:00.000Z",
    "name": "New Year's Day",
    "type": "public",
    "rule": "01-01 and if saturday,sunday then next monday",
    "_weekday": "Fri"
  },
  {
    "date": "2016-01-26 00:00:00",
    "start": "2016-01-25T13:30:00.000Z",
    "end": "2016-01-26T13:30:00.000Z",
    "name": "Australia Day",
    "type": "public",
    "rule": "01-26 if saturday,sunday then next monday",
    "_weekday": "Tue"
  },
  {
    "date": "2016-03-14 00:00:00",
    "start": "2016-03-13T13:30:00.000Z",
    "end": "2016-03-14T13:30:00.000Z",
    "name": "Adelaide Cup Day",
    "type": "public",
    "rule": "2nd monday in March",
    "_weekday": "Mon"
  },
  {
    "date": "2016-03-25 00:00:00",
    "start": "2016-03-24T13:30:00.000Z",
    "end": "2016-03-25T13:30:00.000Z",
    "name": "Good Friday",
    "type": "public",
    "rule": "easter -2",
    "_weekday": "Fri"
  },
  {
    "date": "2016-03-26 00:00:00",
    "start": "2016-03-25T13:30:00.000Z",
    "end": "2016-03-26T13:30:00.000Z",
    "name": "Easter Saturday",
    "type": "public",
    "rule": "easter -1",
    "_weekday": "Sat"
  },
  {
    "date": "2016-03-28 00:00:00",
    "start": "2016-03-27T13:30:00.000Z",
    "end": "2016-03-28T13:30:00.000Z",
    "name": "Easter Monday",
    "type": "public",
    "rule": "easter 1",
    "_weekday": "Mon"
  },
  {
    "date": "2016-04-25 00:00:00",
    "start": "2016-04-24T14:30:00.000Z",
    "end": "2016-04-25T14:30:00.000Z",
    "name": "Anzac Day",
    "type": "public",
    "rule": "04-25",
    "_weekday": "Mon"
  },
  {
    "date": "2016-06-13 00:00:00",
    "start": "2016-06-12T14:30:00.000Z",
    "end": "2016-06-13T14:30:00.000Z",
    "name": "Queen's Birthday",
    "type": "public",
    "rule": "2nd monday in June",
    "_weekday": "Mon"
  },
  {
    "date": "2016-10-03 00:00:00",
    "start": "2016-10-02T13:30:00.000Z",
    "end": "2016-10-03T13:30:00.000Z",
    "name": "Labour Day",
    "type": "public",
    "rule": "1st monday in October",
    "_weekday": "Mon"
  },
  {
    "date": "2016-12-24 19:00:00",
    "start": "2016-12-24T08:30:00.000Z",
    "end": "2016-12-24T13:30:00.000Z",
    "name": "Christmas Eve",
    "type": "public",
    "rule": "12-24 19:00",
    "_weekday": "Sat"
  },
  {
    "date": "2016-12-26 00:00:00",
    "start": "2016-12-25T13:30:00.000Z",
    "end": "2016-12-26T13:30:00.000Z",
    "name": "Proclamation Day",
    "type": "public",
    "rule": "12-26 if saturday then next monday if sunday then next tuesday",
    "_weekday": "Mon"
  },
  {
    "date": "2016-12-27 00:00:00",
    "start": "2016-12-26T13:30:00.000Z",
    "end": "2016-12-27T13:30:00.000Z",
    "name": "Christmas Day",
    "type": "public",
    "rule": "12-25 if saturday then next monday if sunday then next tuesday",
    "_weekday": "Tue"
  },
  {
    "date": "2016-12-31 19:00:00",
    "start": "2016-12-31T08:30:00.000Z",
    "end": "2016-12-31T13:30:00.000Z",
    "name": "New Year's Eve",
    "type": "public",
    "rule": "12-31 19:00",
    "_weekday": "Sat"
  }
]