[
  {
    "date": "2016-01-01 00:00:00",
    "start": "2016-01-01T04:00:00.000Z",
    "end": "2016-01-02T04:00:00.000Z",
    "name": "Año Nuevo",
    "type": "public",
    "rule": "01-01",
    "_weekday": "Fri"
  },
  {
    "date": "2016-01-22 00:00:00",
    "start": "2016-01-22T04:00:00.000Z",
    "end": "2016-01-23T04:00:00.000Z",
    "name": "Día de la Creación del Estado Plurinacional de Bolivia",
    "type": "public",
    "rule": "01-22",
    "_weekday": "Fri"
  },
  {
    "date": "2016-02-02 00:00:00",
    "start": "2016-02-02T04:00:00.000Z",
    "end": "2016-02-03T04:00:00.000Z",
    "name": "Fiesta de la Virgen de Candelaria",
    "type": "observance",
    "rule": "02-02",
    "_weekday": "Tue"
  },
  {
    "date": "2016-02-08 00:00:00",
    "start": "2016-02-08T04:00:00.000Z",
    "end": "2016-02-09T04:00:00.000Z",
    "name": "Lunes de Carnaval",
    "type": "public",
    "rule": "easter -48",
    "_weekday": "Mon"
  },
  {
    "date": "2016-02-09 00:00:00",
    "start": "2016-02-09T04:00:00.000Z",
    "end": "2016-02-10T04:00:00.000Z",
    "name": "Martes de Carnaval",
    "type": "public",
    "rule": "easter -47",
    "_weekday": "Tue"
  },
  {
    "date": "2016-03-19 00:00:00",
    "start": "2016-03-19T04:00:00.000Z",
    "end": "2016-03-20T04:00:00.000Z",
    "name": "Día del Padre",
    "type": "observance",
    "rule": "03-19",
    "_weekday": "Sat"
  },
  {
    "date": "2016-03-23 00:00:00",
    "start": "2016-03-23T04:00:00.000Z",
    "end": "2016-03-24T04:00:00.000Z",
    "name": "Día del Mar",
    "type": "observance",
    "rule": "03-23",
    "_weekday": "Wed"
  },
  {
    "date": "2016-03-24 00:00:00",
    "start": "2016-03-24T04:00:00.000Z",
    "end": "2016-03-25T04:00:00.000Z",
    "name": "Jueves Santo",
    "type": "observance",
    "rule": "easter -3",
    "_weekday": "Thu"
  },
  {
    "date": "2016-03-25 00:00:00",
    "start": "2016-03-25T04:00:00.000Z",
    "end": "2016-03-26T04:00:00.000Z",
    "name": "Viernes Santo",
    "type": "public",
    "rule": "easter -2",
    "_weekday": "Fri"
  },
  {
    "date": "2016-04-12 00:00:00",
    "start": "2016-04-12T04:00:00.000Z",
    "end": "2016-04-13T04:00:00.000Z",
    "name": "Día del Niño",
    "type": "observance",
    "rule": "04-12",
    "_weekday": "Tue"
  },
  {
    "date": "2016-05-01 00:00:00",
    "start": "2016-05-01T04:00:00.000Z",
    "end": "2016-05-02T04:00:00.000Z",
    "name": "Día del Trabajador",
    "type": "public",
    "rule": "05-01",
    "_weekday": "Sun"
  },
  {
    "date": "2016-05-02 00:00:00",
    "start": "2016-05-02T04:00:00.000Z",
    "end": "2016-05-03T04:00:00.000Z",
    "name": "Día del Trabajo (substituto)",
    "type": "public",
    "rule": "substitutes 05-01 if sunday then next monday",
    "_weekday": "Mon"
  },
  {
    "date": "2016-05-26 00:00:00",
    "start": "2016-05-26T04:00:00.000Z",
    "end": "2016-05-27T04:00:00.000Z",
    "name": "Corpus Christi",
    "type": "public",
    "rule": "easter 60",
    "_weekday": "Thu"
  },
  {
    "date": "2016-05-27 00:00:00",
    "start": "2016-05-27T04:00:00.000Z",
    "end": "2016-05-28T04:00:00.000Z",
    "name": "Día de la Madre",
    "type": "observance",
    "rule": "05-27",
    "_weekday": "Fri"
  },
  {
    "date": "2016-06-06 00:00:00",
    "start": "2016-06-06T04:00:00.000Z",
    "end": "2016-06-07T04:00:00.000Z",
    "name": "Día del Maestro",
    "type": "observance",
    "rule": "06-06",
    "_weekday": "Mon"
  },
  {
    "date": "2016-06-21 00:00:00",
    "start": "2016-06-21T04:00:00.000Z",
    "end": "2016-06-22T04:00:00.000Z",
    "name": "Año Nuevo Andino Amazónico Chaqueño",
    "type": "public",
    "rule": "06-21",
    "_weekday": "Tue"
  },
  {
    "date": "2016-08-06 00:00:00",
    "start": "2016-08-06T04:00:00.000Z",
    "end": "2016-08-07T04:00:00.000Z",
    "name": "Día de la Independencia",
    "type": "public",
    "rule": "08-06",
    "_weekday": "Sat"
  },
  {
    "date": "2016-08-17 00:00:00",
    "start": "2016-08-17T04:00:00.000Z",
    "end": "2016-08-18T04:00:00.000Z",
    "name": "Día de la Bandera",
    "type": "observance",
    "rule": "08-17",
    "_weekday": "Wed"
  },
  {
    "date": "2016-09-21 00:00:00",
    "start": "2016-09-21T04:00:00.000Z",
    "end": "2016-09-22T04:00:00.000Z",
    "name": "Día del Estudiante",
    "type": "observance",
    "rule": "09-21",
    "_weekday": "Wed"
  },
  {
    "date": "2016-10-11 00:00:00",
    "start": "2016-10-11T04:00:00.000Z",
    "end": "2016-10-12T04:00:00.000Z",
    "name": "Día de la Mujer Boliviana",
    "type": "observance",
    "rule": "10-11",
    "_weekday": "Tue"
  },
  {
    "date": "2016-11-01 00:00:00",
    "start": "2016-11-01T04:00:00.000Z",
    "end": "2016-11-02T04:00:00.000Z",
    "name": "Todos Santos",
    "type": "observance",
    "rule": "11-01",
    "_weekday": "Tue"
  },
  {
    "date": "2016-11-02 00:00:00",
    "start": "2016-11-02T04:00:00.000Z",
    "end": "2016-11-03T04:00:00.000Z",
    "name": "Todos Santos",
    "type": "public",
    "rule": "11-02",
    "_weekday": "Wed"
  },
  {
    "date": "2016-12-25 00:00:00",
    "start": "2016-12-25T04:00:00.000Z",
    "end": "2016-12-26T04:00:00.000Z",
    "name": "Navidad",
    "type": "public",
    "rule": "12-25",
    "_weekday": "Sun"
  },
  {
    "date": "2016-12-26 00:00:00",
    "start": "2016-12-26T04:00:00.000Z",
    "end": "2016-12-27T04:00:00.000Z",
    "name": "Navidad (substituto)",
    "type": "public",
    "rule": "substitutes 12-25 if sunday then next monday",
    "_weekday": "Mon"
  }
]