[
  {
    "date": "2015-01-01 00:00:00",
    "start": "2015-01-01T03:00:00.000Z",
    "end": "2015-01-02T03:00:00.000Z",
    "name": "Ano Novo",
    "type": "public",
    "rule": "01-01",
    "_weekday": "Thu"
  },
  {
    "date": "2015-02-14 00:00:00",
    "start": "2015-02-14T03:00:00.000Z",
    "end": "2015-02-18T17:00:00.000Z",
    "name": "Carnaval",
    "type": "optional",
    "rule": "easter -50 PT110H",
    "_weekday": "Sat"
  },
  {
    "date": "2015-04-03 00:00:00",
    "start": "2015-04-03T03:00:00.000Z",
    "end": "2015-04-04T03:00:00.000Z",
    "name": "Sexta-Feira Santa",
    "type": "public",
    "rule": "easter -2",
    "_weekday": "Fri"
  },
  {
    "date": "2015-04-05 00:00:00",
    "start": "2015-04-05T03:00:00.000Z",
    "end": "2015-04-06T03:00:00.000Z",
    "name": "Páscoa",
    "type": "observance",
    "rule": "easter",
    "_weekday": "Sun"
  },
  {
    "date": "2015-04-21 00:00:00",
    "start": "2015-04-21T03:00:00.000Z",
    "end": "2015-04-22T03:00:00.000Z",
    "name": "Dia de Tiradentes",
    "type": "public",
    "rule": "04-21",
    "_weekday": "Tue"
  },
  {
    "date": "2015-05-01 00:00:00",
    "start": "2015-05-01T03:00:00.000Z",
    "end": "2015-05-02T03:00:00.000Z",
    "name": "Dia do trabalhador",
    "type": "public",
    "rule": "05-01",
    "_weekday": "Fri"
  },
  {
    "date": "2015-05-10 00:00:00",
    "start": "2015-05-10T03:00:00.000Z",
    "end": "2015-05-11T03:00:00.000Z",
    "name": "Dia das Mães",
    "type": "observance",
    "rule": "2nd sunday in May",
    "_weekday": "Sun"
  },
  {
    "date": "2015-06-04 00:00:00",
    "start": "2015-06-04T03:00:00.000Z",
    "end": "2015-06-05T03:00:00.000Z",
    "name": "Corpo de Deus",
    "type": "optional",
    "rule": "easter 60",
    "_weekday": "Thu"
  },
  {
    "date": "2015-06-12 00:00:00",
    "start": "2015-06-12T03:00:00.000Z",
    "end": "2015-06-13T03:00:00.000Z",
    "name": "Dia dos Namorados",
    "type": "public",
    "rule": "06-12",
    "_weekday": "Fri"
  },
  {
    "date": "2015-06-24 00:00:00",
    "start": "2015-06-24T03:00:00.000Z",
    "end": "2015-06-25T03:00:00.000Z",
    "name": "São João",
    "type": "public",
    "rule": "06-24",
    "_weekday": "Wed"
  },
  {
    "date": "2015-06-29 00:00:00",
    "start": "2015-06-29T03:00:00.000Z",
    "end": "2015-06-30T03:00:00.000Z",
    "name": "São Pedro",
    "type": "public",
    "rule": "06-29",
    "_weekday": "Mon"
  },
  {
    "date": "2015-08-09 00:00:00",
    "start": "2015-08-09T03:00:00.000Z",
    "end": "2015-08-10T03:00:00.000Z",
    "name": "Dia dos Pais",
    "type": "observance",
    "rule": "2nd sunday in August",
    "_weekday": "Sun"
  },
  {
    "date": "2015-09-07 00:00:00",
    "start": "2015-09-07T03:00:00.000Z",
    "end": "2015-09-08T03:00:00.000Z",
    "name": "Dia da Independência",
    "type": "public",
    "rule": "09-07",
    "_weekday": "Mon"
  },
  {
    "date": "2015-09-16 00:00:00",
    "start": "2015-09-16T03:00:00.000Z",
    "end": "2015-09-17T03:00:00.000Z",
    "name": "Emancipação política",
    "type": "public",
    "rule": "09-16",
    "_weekday": "Wed"
  },
  {
    "date": "2015-10-12 00:00:00",
    "start": "2015-10-12T03:00:00.000Z",
    "end": "2015-10-13T03:00:00.000Z",
    "name": "Nossa Senhora Aparecida",
    "type": "public",
    "rule": "10-12",
    "_weekday": "Mon"
  },
  {
    "date": "2015-11-02 00:00:00",
    "start": "2015-11-02T03:00:00.000Z",
    "end": "2015-11-03T03:00:00.000Z",
    "name": "Dia de Finados",
    "type": "public",
    "rule": "11-02",
    "_weekday": "Mon"
  },
  {
    "date": "2015-11-15 00:00:00",
    "start": "2015-11-15T03:00:00.000Z",
    "end": "2015-11-16T03:00:00.000Z",
    "name": "Proclamação da República",
    "type": "public",
    "rule": "11-15",
    "_weekday": "Sun"
  },
  {
    "date": "2015-11-20 00:00:00",
    "start": "2015-11-20T03:00:00.000Z",
    "end": "2015-11-21T03:00:00.000Z",
    "name": "Morte de Zumbi dos Palmares",
    "type": "public",
    "rule": "11-20",
    "_weekday": "Fri"
  },
  {
    "date": "2015-12-24 14:00:00",
    "start": "2015-12-24T17:00:00.000Z",
    "end": "2015-12-25T03:00:00.000Z",
    "name": "Noite de Natal",
    "type": "optional",
    "rule": "12-24 14:00",
    "_weekday": "Thu"
  },
  {
    "date": "2015-12-25 00:00:00",
    "start": "2015-12-25T03:00:00.000Z",
    "end": "2015-12-26T03:00:00.000Z",
    "name": "Natal",
    "type": "public",
    "rule": "12-25",
    "_weekday": "Fri"
  },
  {
    "date": "2015-12-31 14:00:00",
    "start": "2015-12-31T17:00:00.000Z",
    "end": "2016-01-01T03:00:00.000Z",
    "name": "Véspera de Ano Novo",
    "type": "optional",
    "rule": "12-31 14:00",
    "_weekday": "Thu"
  }
]