[
  {
    "date": "2017-01-01 00:00:00",
    "start": "2017-01-01T05:00:00.000Z",
    "end": "2017-01-02T05:00:00.000Z",
    "name": "Ano Novo",
    "type": "public",
    "rule": "01-01",
    "_weekday": "Sun"
  },
  {
    "date": "2017-01-12 00:00:00",
    "start": "2017-01-12T05:00:00.000Z",
    "end": "2017-01-13T05:00:00.000Z",
    "name": "Dia do evangélico",
    "type": "public",
    "rule": "01-12",
    "_weekday": "Thu"
  },
  {
    "date": "2017-02-25 00:00:00",
    "start": "2017-02-25T05:00:00.000Z",
    "end": "2017-03-01T19:00:00.000Z",
    "name": "Carnaval",
    "type": "optional",
    "rule": "easter -50 PT110H",
    "_weekday": "Sat"
  },
  {
    "date": "2017-03-08 00:00:00",
    "start": "2017-03-08T05:00:00.000Z",
    "end": "2017-03-09T05:00:00.000Z",
    "name": "Alusivo ao Dia Internacional da Mulher",
    "type": "public",
    "rule": "03-08",
    "_weekday": "Wed"
  },
  {
    "date": "2017-04-14 00:00:00",
    "start": "2017-04-14T05:00:00.000Z",
    "end": "2017-04-15T05:00:00.000Z",
    "name": "Sexta-Feira Santa",
    "type": "public",
    "rule": "easter -2",
    "_weekday": "Fri"
  },
  {
    "date": "2017-04-16 00:00:00",
    "start": "2017-04-16T05:00:00.000Z",
    "end": "2017-04-17T05:00:00.000Z",
    "name": "Páscoa",
    "type": "observance",
    "rule": "easter",
    "_weekday": "Sun"
  },
  {
    "date": "2017-04-21 00:00:00",
    "start": "2017-04-21T05:00:00.000Z",
    "end": "2017-04-22T05:00:00.000Z",
    "name": "Dia de Tiradentes",
    "type": "public",
    "rule": "04-21",
    "_weekday": "Fri"
  },
  {
    "date": "2017-05-01 00:00:00",
    "start": "2017-05-01T05:00:00.000Z",
    "end": "2017-05-02T05:00:00.000Z",
    "name": "Dia do trabalhador",
    "type": "public",
    "rule": "05-01",
    "_weekday": "Mon"
  },
  {
    "date": "2017-05-14 00:00:00",
    "start": "2017-05-14T05:00:00.000Z",
    "end": "2017-05-15T05:00:00.000Z",
    "name": "Dia das Mães",
    "type": "observance",
    "rule": "2nd sunday in May",
    "_weekday": "Sun"
  },
  {
    "date": "2017-06-12 00:00:00",
    "start": "2017-06-12T05:00:00.000Z",
    "end": "2017-06-13T05:00:00.000Z",
    "name": "Dia dos Namorados",
    "type": "public",
    "rule": "06-12",
    "_weekday": "Mon"
  },
  {
    "date": "2017-06-15 00:00:00",
    "start": "2017-06-15T05:00:00.000Z",
    "end": "2017-06-16T05:00:00.000Z",
    "name": "Aniversário do estado",
    "type": "public",
    "rule": "06-15",
    "_weekday": "Thu"
  },
  {
    "date": "2017-06-15 00:00:00",
    "start": "2017-06-15T05:00:00.000Z",
    "end": "2017-06-16T05:00:00.000Z",
    "name": "Corpo de Deus",
    "type": "optional",
    "rule": "easter 60",
    "_weekday": "Thu"
  },
  {
    "date": "2017-08-13 00:00:00",
    "start": "2017-08-13T05:00:00.000Z",
    "end": "2017-08-14T05:00:00.000Z",
    "name": "Dia dos Pais",
    "type": "observance",
    "rule": "2nd sunday in August",
    "_weekday": "Sun"
  },
  {
    "date": "2017-09-05 00:00:00",
    "start": "2017-09-05T05:00:00.000Z",
    "end": "2017-09-06T05:00:00.000Z",
    "name": "Dia da Amazônia",
    "type": "public",
    "rule": "09-05",
    "_weekday": "Tue"
  },
  {
    "date": "2017-09-07 00:00:00",
    "start": "2017-09-07T05:00:00.000Z",
    "end": "2017-09-08T05:00:00.000Z",
    "name": "Dia da Independência",
    "type": "public",
    "rule": "09-07",
    "_weekday": "Thu"
  },
  {
    "date": "2017-10-12 00:00:00",
    "start": "2017-10-12T05:00:00.000Z",
    "end": "2017-10-13T05:00:00.000Z",
    "name": "Nossa Senhora Aparecida",
    "type": "public",
    "rule": "10-12",
    "_weekday": "Thu"
  },
  {
    "date": "2017-11-02 00:00:00",
    "start": "2017-11-02T05:00:00.000Z",
    "end": "2017-11-03T05:00:00.000Z",
    "name": "Dia de Finados",
    "type": "public",
    "rule": "11-02",
    "_weekday": "Thu"
  },
  {
    "date": "2017-11-15 00:00:00",
    "start": "2017-11-15T05:00:00.000Z",
    "end": "2017-11-16T05:00:00.000Z",
    "name": "Proclamação da República",
    "type": "public",
    "rule": "11-15",
    "_weekday": "Wed"
  },
  {
    "date": "2017-11-17 00:00:00",
    "start": "2017-11-17T05:00:00.000Z",
    "end": "2017-11-18T05:00:00.000Z",
    "name": "Assinatura do Tratado de Petrópolis",
    "type": "optional",
    "rule": "11-17",
    "_weekday": "Fri"
  },
  {
    "date": "2017-12-24 14:00:00",
    "start": "2017-12-24T19:00:00.000Z",
    "end": "2017-12-25T05:00:00.000Z",
    "name": "Noite de Natal",
    "type": "optional",
    "rule": "12-24 14:00",
    "_weekday": "Sun"
  },
  {
    "date": "2017-12-25 00:00:00",
    "start": "2017-12-25T05:00:00.000Z",
    "end": "2017-12-26T05:00:00.000Z",
    "name": "Natal",
    "type": "public",
    "rule": "12-25",
    "_weekday": "Mon"
  },
  {
    "date": "2017-12-31 14:00:00",
    "start": "2017-12-31T19:00:00.000Z",
    "end": "2018-01-01T05:00:00.000Z",
    "name": "Véspera de Ano Novo",
    "type": "optional",
    "rule": "12-31 14:00",
    "_weekday": "Sun"
  }
]