[
  {
    "date": "2022-01-01 00:00:00",
    "start": "2022-01-01T05:00:00.000Z",
    "end": "2022-01-02T05:00:00.000Z",
    "name": "Ano Novo",
    "type": "public",
    "rule": "01-01",
    "_weekday": "Sat"
  },
  {
    "date": "2022-01-12 00:00:00",
    "start": "2022-01-12T05:00:00.000Z",
    "end": "2022-01-13T05:00:00.000Z",
    "name": "Dia do evangélico",
    "type": "public",
    "rule": "01-12",
    "_weekday": "Wed"
  },
  {
    "date": "2022-02-26 00:00:00",
    "start": "2022-02-26T05:00:00.000Z",
    "end": "2022-03-02T19:00:00.000Z",
    "name": "Carnaval",
    "type": "optional",
    "rule": "easter -50 PT110H",
    "_weekday": "Sat"
  },
  {
    "date": "2022-03-08 00:00:00",
    "start": "2022-03-08T05:00:00.000Z",
    "end": "2022-03-09T05:00:00.000Z",
    "name": "Alusivo ao Dia Internacional da Mulher",
    "type": "public",
    "rule": "03-08",
    "_weekday": "Tue"
  },
  {
    "date": "2022-04-15 00:00:00",
    "start": "2022-04-15T05:00:00.000Z",
    "end": "2022-04-16T05:00:00.000Z",
    "name": "Sexta-Feira Santa",
    "type": "public",
    "rule": "easter -2",
    "_weekday": "Fri"
  },
  {
    "date": "2022-04-17 00:00:00",
    "start": "2022-04-17T05:00:00.000Z",
    "end": "2022-04-18T05:00:00.000Z",
    "name": "Páscoa",
    "type": "observance",
    "rule": "easter",
    "_weekday": "Sun"
  },
  {
    "date": "2022-04-21 00:00:00",
    "start": "2022-04-21T05:00:00.000Z",
    "end": "2022-04-22T05:00:00.000Z",
    "name": "Dia de Tiradentes",
    "type": "public",
    "rule": "04-21",
    "_weekday": "Thu"
  },
  {
    "date": "2022-05-01 00:00:00",
    "start": "2022-05-01T05:00:00.000Z",
    "end": "2022-05-02T05:00:00.000Z",
    "name": "Dia do trabalhador",
    "type": "public",
    "rule": "05-01",
    "_weekday": "Sun"
  },
  {
    "date": "2022-05-08 00:00:00",
    "start": "2022-05-08T05:00:00.000Z",
    "end": "2022-05-09T05:00:00.000Z",
    "name": "Dia das Mães",
    "type": "observance",
    "rule": "2nd sunday in May",
    "_weekday": "Sun"
  },
  {
    "date": "2022-06-12 00:00:00",
    "start": "2022-06-12T05:00:00.000Z",
    "end": "2022-06-13T05:00:00.000Z",
    "name": "Dia dos Namorados",
    "type": "public",
    "rule": "06-12",
    "_weekday": "Sun"
  },
  {
    "date": "2022-06-15 00:00:00",
    "start": "2022-06-15T05:00:00.000Z",
    "end": "2022-06-16T05:00:00.000Z",
    "name": "Aniversário do estado",
    "type": "public",
    "rule": "06-15",
    "_weekday": "Wed"
  },
  {
    "date": "2022-06-16 00:00:00",
    "start": "2022-06-16T05:00:00.000Z",
    "end": "2022-06-17T05:00:00.000Z",
    "name": "Corpo de Deus",
    "type": "optional",
    "rule": "easter 60",
    "_weekday": "Thu"
  },
  {
    "date": "2022-08-14 00:00:00",
    "start": "2022-08-14T05:00:00.000Z",
    "end": "2022-08-15T05:00:00.000Z",
    "name": "Dia dos Pais",
    "type": "observance",
    "rule": "2nd sunday in August",
    "_weekday": "Sun"
  },
  {
    "date": "2022-09-05 00:00:00",
    "start": "2022-09-05T05:00:00.000Z",
    "end": "2022-09-06T05:00:00.000Z",
    "name": "Dia da Amazônia",
    "type": "public",
    "rule": "09-05",
    "_weekday": "Mon"
  },
  {
    "date": "2022-09-07 00:00:00",
    "start": "2022-09-07T05:00:00.000Z",
    "end": "2022-09-08T05:00:00.000Z",
    "name": "Dia da Independência",
    "type": "public",
    "rule": "09-07",
    "_weekday": "Wed"
  },
  {
    "date": "2022-10-02 00:00:00",
    "start": "2022-10-02T05:00:00.000Z",
    "end": "2022-10-03T05:00:00.000Z",
    "name": "Dia de Eleição",
    "type": "public",
    "rule": "1st sunday in October in even years",
    "_weekday": "Sun"
  },
  {
    "date": "2022-10-12 00:00:00",
    "start": "2022-10-12T05:00:00.000Z",
    "end": "2022-10-13T05:00:00.000Z",
    "name": "Nossa Senhora Aparecida",
    "type": "public",
    "rule": "10-12",
    "_weekday": "Wed"
  },
  {
    "date": "2022-10-30 00:00:00",
    "start": "2022-10-30T05:00:00.000Z",
    "end": "2022-10-31T05:00:00.000Z",
    "name": "Dia de Eleição",
    "type": "public",
    "rule": "1st sunday before 11-01 in even years",
    "_weekday": "Sun"
  },
  {
    "date": "2022-11-02 00:00:00",
    "start": "2022-11-02T05:00:00.000Z",
    "end": "2022-11-03T05:00:00.000Z",
    "name": "Dia de Finados",
    "type": "public",
    "rule": "11-02",
    "_weekday": "Wed"
  },
  {
    "date": "2022-11-15 00:00:00",
    "start": "2022-11-15T05:00:00.000Z",
    "end": "2022-11-16T05:00:00.000Z",
    "name": "Proclamação da República",
    "type": "public",
    "rule": "11-15",
    "_weekday": "Tue"
  },
  {
    "date": "2022-11-17 00:00:00",
    "start": "2022-11-17T05:00:00.000Z",
    "end": "2022-11-18T05:00:00.000Z",
    "name": "Assinatura do Tratado de Petrópolis",
    "type": "optional",
    "rule": "11-17",
    "_weekday": "Thu"
  },
  {
    "date": "2022-12-24 14:00:00",
    "start": "2022-12-24T19:00:00.000Z",
    "end": "2022-12-25T05:00:00.000Z",
    "name": "Noite de Natal",
    "type": "optional",
    "rule": "12-24 14:00",
    "_weekday": "Sat"
  },
  {
    "date": "2022-12-25 00:00:00",
    "start": "2022-12-25T05:00:00.000Z",
    "end": "2022-12-26T05:00:00.000Z",
    "name": "Natal",
    "type": "public",
    "rule": "12-25",
    "_weekday": "Sun"
  },
  {
    "date": "2022-12-31 14:00:00",
    "start": "2022-12-31T19:00:00.000Z",
    "end": "2023-01-01T05:00:00.000Z",
    "name": "Véspera de Ano Novo",
    "type": "optional",
    "rule": "12-31 14:00",
    "_weekday": "Sat"
  }
]