[
  {
    "date": "2017-01-01 00:00:00",
    "start": "2017-01-01T03:00:00.000Z",
    "end": "2017-01-02T03:00:00.000Z",
    "name": "Ano Novo",
    "type": "public",
    "_weekday": "Sun"
  },
  {
    "date": "2017-02-25 00:00:00",
    "start": "2017-02-25T03:00:00.000Z",
    "end": "2017-03-01T17:00:00.000Z",
    "name": "Carnaval",
    "type": "optional",
    "_weekday": "Sat"
  },
  {
    "date": "2017-04-14 00:00:00",
    "start": "2017-04-14T03:00:00.000Z",
    "end": "2017-04-15T03:00:00.000Z",
    "name": "Sexta-Feira Santa",
    "type": "public",
    "_weekday": "Fri"
  },
  {
    "date": "2017-04-16 00:00:00",
    "start": "2017-04-16T03:00:00.000Z",
    "end": "2017-04-17T03:00:00.000Z",
    "name": "Páscoa",
    "type": "observance",
    "_weekday": "Sun"
  },
  {
    "date": "2017-04-21 00:00:00",
    "start": "2017-04-21T03:00:00.000Z",
    "end": "2017-04-22T03:00:00.000Z",
    "name": "Dia de Tiradentes",
    "type": "public",
    "_weekday": "Fri"
  },
  {
    "date": "2017-05-01 00:00:00",
    "start": "2017-05-01T03:00:00.000Z",
    "end": "2017-05-02T03:00:00.000Z",
    "name": "Dia do trabalhador",
    "type": "public",
    "_weekday": "Mon"
  },
  {
    "date": "2017-05-14 00:00:00",
    "start": "2017-05-14T03:00:00.000Z",
    "end": "2017-05-15T03:00:00.000Z",
    "name": "Dia das Mães",
    "type": "observance",
    "_weekday": "Sun"
  },
  {
    "date": "2017-06-12 00:00:00",
    "start": "2017-06-12T03:00:00.000Z",
    "end": "2017-06-13T03:00:00.000Z",
    "name": "Dia dos Namorados",
    "type": "public",
    "_weekday": "Mon"
  },
  {
    "date": "2017-06-15 00:00:00",
    "start": "2017-06-15T03:00:00.000Z",
    "end": "2017-06-16T03:00:00.000Z",
    "name": "Corpo de Deus",
    "type": "optional",
    "_weekday": "Thu"
  },
  {
    "date": "2017-06-24 00:00:00",
    "start": "2017-06-24T03:00:00.000Z",
    "end": "2017-06-25T03:00:00.000Z",
    "name": "São João",
    "type": "public",
    "_weekday": "Sat"
  },
  {
    "date": "2017-07-16 00:00:00",
    "start": "2017-07-16T03:00:00.000Z",
    "end": "2017-07-17T03:00:00.000Z",
    "name": "Nossa Senhora do Carmo",
    "type": "public",
    "_weekday": "Sun"
  },
  {
    "date": "2017-08-13 00:00:00",
    "start": "2017-08-13T03:00:00.000Z",
    "end": "2017-08-14T03:00:00.000Z",
    "name": "Dia dos Pais",
    "type": "observance",
    "_weekday": "Sun"
  },
  {
    "date": "2017-09-07 00:00:00",
    "start": "2017-09-07T03:00:00.000Z",
    "end": "2017-09-08T03:00:00.000Z",
    "name": "Dia da Independência",
    "type": "public",
    "_weekday": "Thu"
  },
  {
    "date": "2017-10-12 00:00:00",
    "start": "2017-10-12T03:00:00.000Z",
    "end": "2017-10-13T03:00:00.000Z",
    "name": "Nossa Senhora Aparecida",
    "type": "public",
    "_weekday": "Thu"
  },
  {
    "date": "2017-11-02 00:00:00",
    "start": "2017-11-02T03:00:00.000Z",
    "end": "2017-11-03T03:00:00.000Z",
    "name": "Dia de Finados",
    "type": "public",
    "_weekday": "Thu"
  },
  {
    "date": "2017-11-15 00:00:00",
    "start": "2017-11-15T03:00:00.000Z",
    "end": "2017-11-16T03:00:00.000Z",
    "name": "Proclamação da República",
    "type": "public",
    "_weekday": "Wed"
  },
  {
    "date": "2017-12-08 00:00:00",
    "start": "2017-12-08T03:00:00.000Z",
    "end": "2017-12-09T03:00:00.000Z",
    "name": "Nossa Senhora da Conceição",
    "type": "public",
    "_weekday": "Fri"
  },
  {
    "date": "2017-12-24 14:00:00",
    "start": "2017-12-24T17:00:00.000Z",
    "end": "2017-12-25T03:00:00.000Z",
    "name": "Noite de Natal",
    "type": "optional",
    "_weekday": "Sun"
  },
  {
    "date": "2017-12-25 00:00:00",
    "start": "2017-12-25T03:00:00.000Z",
    "end": "2017-12-26T03:00:00.000Z",
    "name": "Natal",
    "type": "public",
    "_weekday": "Mon"
  },
  {
    "date": "2017-12-31 14:00:00",
    "start": "2017-12-31T17:00:00.000Z",
    "end": "2018-01-01T03:00:00.000Z",
    "name": "Véspera de Ano Novo",
    "type": "optional",
    "_weekday": "Sun"
  }
]