[
  {
    "date": "2020-01-01 00:00:00",
    "start": "2020-01-01T02:00:00.000Z",
    "end": "2020-01-02T02:00:00.000Z",
    "name": "Ano Novo",
    "type": "public",
    "_weekday": "Wed"
  },
  {
    "date": "2020-02-22 00:00:00",
    "start": "2020-02-22T03:00:00.000Z",
    "end": "2020-02-26T17:00:00.000Z",
    "name": "Carnaval",
    "type": "optional",
    "_weekday": "Sat"
  },
  {
    "date": "2020-04-10 00:00:00",
    "start": "2020-04-10T03:00:00.000Z",
    "end": "2020-04-11T03:00:00.000Z",
    "name": "Sexta-Feira Santa",
    "type": "public",
    "_weekday": "Fri"
  },
  {
    "date": "2020-04-12 00:00:00",
    "start": "2020-04-12T03:00:00.000Z",
    "end": "2020-04-13T03:00:00.000Z",
    "name": "Páscoa",
    "type": "observance",
    "_weekday": "Sun"
  },
  {
    "date": "2020-04-21 00:00:00",
    "start": "2020-04-21T03:00:00.000Z",
    "end": "2020-04-22T03:00:00.000Z",
    "name": "Dia de Tiradentes",
    "type": "public",
    "_weekday": "Tue"
  },
  {
    "date": "2020-05-01 00:00:00",
    "start": "2020-05-01T03:00:00.000Z",
    "end": "2020-05-02T03:00:00.000Z",
    "name": "Dia do trabalhador",
    "type": "public",
    "_weekday": "Fri"
  },
  {
    "date": "2020-05-10 00:00:00",
    "start": "2020-05-10T03:00:00.000Z",
    "end": "2020-05-11T03:00:00.000Z",
    "name": "Dia das Mães",
    "type": "observance",
    "_weekday": "Sun"
  },
  {
    "date": "2020-06-11 00:00:00",
    "start": "2020-06-11T03:00:00.000Z",
    "end": "2020-06-12T03:00:00.000Z",
    "name": "Corpo de Deus",
    "type": "optional",
    "_weekday": "Thu"
  },
  {
    "date": "2020-06-12 00:00:00",
    "start": "2020-06-12T03:00:00.000Z",
    "end": "2020-06-13T03:00:00.000Z",
    "name": "Dia dos Namorados",
    "type": "public",
    "_weekday": "Fri"
  },
  {
    "date": "2020-08-09 00:00:00",
    "start": "2020-08-09T03:00:00.000Z",
    "end": "2020-08-10T03:00:00.000Z",
    "name": "Dia dos Pais",
    "type": "observance",
    "_weekday": "Sun"
  },
  {
    "date": "2020-09-07 00:00:00",
    "start": "2020-09-07T03:00:00.000Z",
    "end": "2020-09-08T03:00:00.000Z",
    "name": "Dia da Independência",
    "type": "public",
    "_weekday": "Mon"
  },
  {
    "date": "2020-09-08 00:00:00",
    "start": "2020-09-08T03:00:00.000Z",
    "end": "2020-09-09T03:00:00.000Z",
    "name": "Nossa Senhora da Luz dos Pinhais",
    "type": "public",
    "_weekday": "Tue"
  },
  {
    "date": "2020-10-04 00:00:00",
    "start": "2020-10-04T03:00:00.000Z",
    "end": "2020-10-05T03:00:00.000Z",
    "name": "Dia de Eleição",
    "type": "public",
    "_weekday": "Sun"
  },
  {
    "date": "2020-10-12 00:00:00",
    "start": "2020-10-12T03:00:00.000Z",
    "end": "2020-10-13T03:00:00.000Z",
    "name": "Nossa Senhora Aparecida",
    "type": "public",
    "_weekday": "Mon"
  },
  {
    "date": "2020-10-25 00:00:00",
    "start": "2020-10-25T02:00:00.000Z",
    "end": "2020-10-26T02:00:00.000Z",
    "name": "Dia de Eleição",
    "type": "public",
    "_weekday": "Sun"
  },
  {
    "date": "2020-11-02 00:00:00",
    "start": "2020-11-02T02:00:00.000Z",
    "end": "2020-11-03T02:00:00.000Z",
    "name": "Dia de Finados",
    "type": "public",
    "_weekday": "Mon"
  },
  {
    "date": "2020-11-15 00:00:00",
    "start": "2020-11-15T02:00:00.000Z",
    "end": "2020-11-16T02:00:00.000Z",
    "name": "Proclamação da República",
    "type": "public",
    "_weekday": "Sun"
  },
  {
    "date": "2020-12-24 14:00:00",
    "start": "2020-12-24T16:00:00.000Z",
    "end": "2020-12-25T02:00:00.000Z",
    "name": "Noite de Natal",
    "type": "optional",
    "_weekday": "Thu"
  },
  {
    "date": "2020-12-25 00:00:00",
    "start": "2020-12-25T02:00:00.000Z",
    "end": "2020-12-26T02:00:00.000Z",
    "name": "Natal",
    "type": "public",
    "_weekday": "Fri"
  },
  {
    "date": "2020-12-31 14:00:00",
    "start": "2020-12-31T16:00:00.000Z",
    "end": "2021-01-01T02:00:00.000Z",
    "name": "Véspera de Ano Novo",
    "type": "optional",
    "_weekday": "Thu"
  }
]