[
  {
    "date": "2015-01-01 00:00:00",
    "start": "2015-01-01T04:00:00.000Z",
    "end": "2015-01-02T04:00:00.000Z",
    "name": "Ano Novo",
    "type": "public",
    "rule": "01-01",
    "_weekday": "Thu"
  },
  {
    "date": "2015-01-04 00:00:00",
    "start": "2015-01-04T04:00:00.000Z",
    "end": "2015-01-05T04:00:00.000Z",
    "name": "Criação do estado",
    "type": "public",
    "rule": "01-04",
    "_weekday": "Sun"
  },
  {
    "date": "2015-02-14 00:00:00",
    "start": "2015-02-14T04:00:00.000Z",
    "end": "2015-02-18T18:00:00.000Z",
    "name": "Carnaval",
    "type": "optional",
    "rule": "easter -50 PT110H",
    "_weekday": "Sat"
  },
  {
    "date": "2015-04-03 00:00:00",
    "start": "2015-04-03T04:00:00.000Z",
    "end": "2015-04-04T04:00:00.000Z",
    "name": "Sexta-Feira Santa",
    "type": "public",
    "rule": "easter -2",
    "_weekday": "Fri"
  },
  {
    "date": "2015-04-05 00:00:00",
    "start": "2015-04-05T04:00:00.000Z",
    "end": "2015-04-06T04:00:00.000Z",
    "name": "Páscoa",
    "type": "observance",
    "rule": "easter",
    "_weekday": "Sun"
  },
  {
    "date": "2015-04-21 00:00:00",
    "start": "2015-04-21T04:00:00.000Z",
    "end": "2015-04-22T04:00:00.000Z",
    "name": "Dia de Tiradentes",
    "type": "public",
    "rule": "04-21",
    "_weekday": "Tue"
  },
  {
    "date": "2015-05-01 00:00:00",
    "start": "2015-05-01T04:00:00.000Z",
    "end": "2015-05-02T04:00:00.000Z",
    "name": "Dia do trabalhador",
    "type": "public",
    "rule": "05-01",
    "_weekday": "Fri"
  },
  {
    "date": "2015-05-10 00:00:00",
    "start": "2015-05-10T04:00:00.000Z",
    "end": "2015-05-11T04:00:00.000Z",
    "name": "Dia das Mães",
    "type": "observance",
    "rule": "2nd sunday in May",
    "_weekday": "Sun"
  },
  {
    "date": "2015-06-04 00:00:00",
    "start": "2015-06-04T04:00:00.000Z",
    "end": "2015-06-05T04:00:00.000Z",
    "name": "Corpo de Deus",
    "type": "optional",
    "rule": "easter 60",
    "_weekday": "Thu"
  },
  {
    "date": "2015-06-12 00:00:00",
    "start": "2015-06-12T04:00:00.000Z",
    "end": "2015-06-13T04:00:00.000Z",
    "name": "Dia dos Namorados",
    "type": "public",
    "rule": "06-12",
    "_weekday": "Fri"
  },
  {
    "date": "2015-06-18 00:00:00",
    "start": "2015-06-18T04:00:00.000Z",
    "end": "2015-06-19T04:00:00.000Z",
    "name": "Dia do evangélico",
    "type": "public",
    "rule": "06-18",
    "_weekday": "Thu"
  },
  {
    "date": "2015-08-09 00:00:00",
    "start": "2015-08-09T04:00:00.000Z",
    "end": "2015-08-10T04:00:00.000Z",
    "name": "Dia dos Pais",
    "type": "observance",
    "rule": "2nd sunday in August",
    "_weekday": "Sun"
  },
  {
    "date": "2015-09-07 00:00:00",
    "start": "2015-09-07T04:00:00.000Z",
    "end": "2015-09-08T04:00:00.000Z",
    "name": "Dia da Independência",
    "type": "public",
    "rule": "09-07",
    "_weekday": "Mon"
  },
  {
    "date": "2015-10-12 00:00:00",
    "start": "2015-10-12T04:00:00.000Z",
    "end": "2015-10-13T04:00:00.000Z",
    "name": "Nossa Senhora Aparecida",
    "type": "public",
    "rule": "10-12",
    "_weekday": "Mon"
  },
  {
    "date": "2015-11-02 00:00:00",
    "start": "2015-11-02T04:00:00.000Z",
    "end": "2015-11-03T04:00:00.000Z",
    "name": "Dia de Finados",
    "type": "public",
    "rule": "11-02",
    "_weekday": "Mon"
  },
  {
    "date": "2015-11-15 00:00:00",
    "start": "2015-11-15T04:00:00.000Z",
    "end": "2015-11-16T04:00:00.000Z",
    "name": "Proclamação da República",
    "type": "public",
    "rule": "11-15",
    "_weekday": "Sun"
  },
  {
    "date": "2015-12-24 14:00:00",
    "start": "2015-12-24T18:00:00.000Z",
    "end": "2015-12-25T04:00:00.000Z",
    "name": "Noite de Natal",
    "type": "optional",
    "rule": "12-24 14:00",
    "_weekday": "Thu"
  },
  {
    "date": "2015-12-25 00:00:00",
    "start": "2015-12-25T04:00:00.000Z",
    "end": "2015-12-26T04:00:00.000Z",
    "name": "Natal",
    "type": "public",
    "rule": "12-25",
    "_weekday": "Fri"
  },
  {
    "date": "2015-12-31 14:00:00",
    "start": "2015-12-31T18:00:00.000Z",
    "end": "2016-01-01T04:00:00.000Z",
    "name": "Véspera de Ano Novo",
    "type": "optional",
    "rule": "12-31 14:00",
    "_weekday": "Thu"
  }
]