[
  {
    "date": "2015-01-01 00:00:00",
    "start": "2014-12-31T23:00:00.000Z",
    "end": "2015-01-01T23:00:00.000Z",
    "name": "Neujahr",
    "type": "public",
    "_weekday": "Thu"
  },
  {
    "date": "2015-01-06 00:00:00",
    "start": "2015-01-05T23:00:00.000Z",
    "end": "2015-01-06T23:00:00.000Z",
    "name": "Dreikönigstag",
    "type": "observance",
    "_weekday": "Tue"
  },
  {
    "date": "2015-03-19 00:00:00",
    "start": "2015-03-18T23:00:00.000Z",
    "end": "2015-03-19T23:00:00.000Z",
    "name": "Josefstag",
    "type": "observance",
    "_weekday": "Thu"
  },
  {
    "date": "2015-04-03 00:00:00",
    "start": "2015-04-02T22:00:00.000Z",
    "end": "2015-04-03T22:00:00.000Z",
    "name": "Karfreitag",
    "type": "optional",
    "_weekday": "Fri"
  },
  {
    "date": "2015-04-05 00:00:00",
    "start": "2015-04-04T22:00:00.000Z",
    "end": "2015-04-05T22:00:00.000Z",
    "name": "Ostersonntag",
    "type": "public",
    "_weekday": "Sun"
  },
  {
    "date": "2015-04-06 00:00:00",
    "start": "2015-04-05T22:00:00.000Z",
    "end": "2015-04-06T22:00:00.000Z",
    "name": "Ostermontag",
    "type": "public",
    "_weekday": "Mon"
  },
  {
    "date": "2015-05-10 00:00:00",
    "start": "2015-05-09T22:00:00.000Z",
    "end": "2015-05-10T22:00:00.000Z",
    "name": "Muttertag",
    "type": "observance",
    "_weekday": "Sun"
  },
  {
    "date": "2015-05-14 00:00:00",
    "start": "2015-05-13T22:00:00.000Z",
    "end": "2015-05-14T22:00:00.000Z",
    "name": "Auffahrt",
    "type": "public",
    "_weekday": "Thu"
  },
  {
    "date": "2015-05-24 00:00:00",
    "start": "2015-05-23T22:00:00.000Z",
    "end": "2015-05-24T22:00:00.000Z",
    "name": "Pfingstsonntag",
    "type": "public",
    "_weekday": "Sun"
  },
  {
    "date": "2015-05-25 00:00:00",
    "start": "2015-05-24T22:00:00.000Z",
    "end": "2015-05-25T22:00:00.000Z",
    "name": "Pfingstmontag",
    "type": "public",
    "_weekday": "Mon"
  },
  {
    "date": "2015-06-04 00:00:00",
    "start": "2015-06-03T22:00:00.000Z",
    "end": "2015-06-04T22:00:00.000Z",
    "name": "Fronleichnam",
    "type": "observance",
    "_weekday": "Thu"
  },
  {
    "date": "2015-06-07 00:00:00",
    "start": "2015-06-06T22:00:00.000Z",
    "end": "2015-06-07T22:00:00.000Z",
    "name": "Vätertag",
    "type": "observance",
    "_weekday": "Sun"
  },
  {
    "date": "2015-08-01 00:00:00",
    "start": "2015-07-31T22:00:00.000Z",
    "end": "2015-08-01T22:00:00.000Z",
    "name": "Bundesfeiertag",
    "type": "public",
    "_weekday": "Sat"
  },
  {
    "date": "2015-08-15 00:00:00",
    "start": "2015-08-14T22:00:00.000Z",
    "end": "2015-08-15T22:00:00.000Z",
    "name": "Mariä Himmelfahrt",
    "type": "observance",
    "_weekday": "Sat"
  },
  {
    "date": "2015-09-20 00:00:00",
    "start": "2015-09-19T22:00:00.000Z",
    "end": "2015-09-20T22:00:00.000Z",
    "name": "Eidg. Dank-, Buss- und Bettag",
    "type": "public",
    "_weekday": "Sun"
  },
  {
    "date": "2015-11-01 00:00:00",
    "start": "2015-10-31T23:00:00.000Z",
    "end": "2015-11-01T23:00:00.000Z",
    "name": "Allerheiligen",
    "type": "observance",
    "_weekday": "Sun"
  },
  {
    "date": "2015-12-08 00:00:00",
    "start": "2015-12-07T23:00:00.000Z",
    "end": "2015-12-08T23:00:00.000Z",
    "name": "Mariä Empfängnis",
    "type": "observance",
    "_weekday": "Tue"
  },
  {
    "date": "2015-12-25 00:00:00",
    "start": "2015-12-24T23:00:00.000Z",
    "end": "2015-12-25T23:00:00.000Z",
    "name": "Weihnachtstag",
    "type": "public",
    "_weekday": "Fri"
  },
  {
    "date": "2015-12-26 00:00:00",
    "start": "2015-12-25T23:00:00.000Z",
    "end": "2015-12-26T23:00:00.000Z",
    "name": "Stephanstag",
    "type": "public",
    "_weekday": "Sat"
  }
]