[
  {
    "date": "2016-01-01 00:00:00",
    "start": "2015-12-31T23:00:00.000Z",
    "end": "2016-01-01T23:00:00.000Z",
    "name": "Nouvel An",
    "type": "public",
    "rule": "01-01",
    "_weekday": "Fri"
  },
  {
    "date": "2016-01-02 00:00:00",
    "start": "2016-01-01T23:00:00.000Z",
    "end": "2016-01-02T23:00:00.000Z",
    "name": "2 Janvier",
    "type": "observance",
    "rule": "01-02",
    "_weekday": "Sat"
  },
  {
    "date": "2016-03-01 00:00:00",
    "start": "2016-02-29T23:00:00.000Z",
    "end": "2016-03-01T23:00:00.000Z",
    "name": "Instauration de la République",
    "type": "public",
    "rule": "03-01",
    "_weekday": "Tue"
  },
  {
    "date": "2016-03-25 00:00:00",
    "start": "2016-03-24T23:00:00.000Z",
    "end": "2016-03-25T23:00:00.000Z",
    "name": "Vendredi saint",
    "type": "public",
    "rule": "easter -2",
    "_weekday": "Fri"
  },
  {
    "date": "2016-03-27 00:00:00",
    "start": "2016-03-26T23:00:00.000Z",
    "end": "2016-03-27T22:00:00.000Z",
    "name": "Pâques",
    "type": "public",
    "rule": "easter",
    "_weekday": "Sun"
  },
  {
    "date": "2016-03-28 00:00:00",
    "start": "2016-03-27T22:00:00.000Z",
    "end": "2016-03-28T22:00:00.000Z",
    "name": "Lundi de Pâques",
    "type": "public",
    "rule": "easter 1",
    "_weekday": "Mon"
  },
  {
    "date": "2016-05-01 00:00:00",
    "start": "2016-04-30T22:00:00.000Z",
    "end": "2016-05-01T22:00:00.000Z",
    "name": "Fête du travail",
    "type": "public",
    "rule": "05-01",
    "_weekday": "Sun"
  },
  {
    "date": "2016-05-05 00:00:00",
    "start": "2016-05-04T22:00:00.000Z",
    "end": "2016-05-05T22:00:00.000Z",
    "name": "Ascension",
    "type": "public",
    "rule": "easter 39",
    "_weekday": "Thu"
  },
  {
    "date": "2016-05-08 00:00:00",
    "start": "2016-05-07T22:00:00.000Z",
    "end": "2016-05-08T22:00:00.000Z",
    "name": "Fête des Mères",
    "type": "observance",
    "rule": "2nd sunday in May",
    "_weekday": "Sun"
  },
  {
    "date": "2016-05-15 00:00:00",
    "start": "2016-05-14T22:00:00.000Z",
    "end": "2016-05-15T22:00:00.000Z",
    "name": "Pentecôte",
    "type": "public",
    "rule": "easter 49",
    "_weekday": "Sun"
  },
  {
    "date": "2016-05-16 00:00:00",
    "start": "2016-05-15T22:00:00.000Z",
    "end": "2016-05-16T22:00:00.000Z",
    "name": "Lundi de Pentecôte",
    "type": "observance",
    "rule": "easter 50",
    "_weekday": "Mon"
  },
  {
    "date": "2016-05-26 00:00:00",
    "start": "2016-05-25T22:00:00.000Z",
    "end": "2016-05-26T22:00:00.000Z",
    "name": "la Fête-Dieu",
    "type": "public",
    "rule": "easter 60",
    "_weekday": "Thu"
  },
  {
    "date": "2016-06-05 00:00:00",
    "start": "2016-06-04T22:00:00.000Z",
    "end": "2016-06-05T22:00:00.000Z",
    "name": "Fête des pères",
    "type": "observance",
    "rule": "1st sunday in June",
    "_weekday": "Sun"
  },
  {
    "date": "2016-08-01 00:00:00",
    "start": "2016-07-31T22:00:00.000Z",
    "end": "2016-08-01T22:00:00.000Z",
    "name": "Fête nationnale",
    "type": "public",
    "rule": "08-01",
    "_weekday": "Mon"
  },
  {
    "date": "2016-09-18 00:00:00",
    "start": "2016-09-17T22:00:00.000Z",
    "end": "2016-09-18T22:00:00.000Z",
    "name": "Jeûne fédéral",
    "type": "public",
    "rule": "3 sunday after 09-01",
    "_weekday": "Sun"
  },
  {
    "date": "2016-09-19 00:00:00",
    "start": "2016-09-18T22:00:00.000Z",
    "end": "2016-09-19T22:00:00.000Z",
    "name": "Lundi du Jeûne Fédéral",
    "type": "optional",
    "rule": "monday after 3 sunday in September",
    "_weekday": "Mon"
  },
  {
    "date": "2016-12-25 00:00:00",
    "start": "2016-12-24T23:00:00.000Z",
    "end": "2016-12-25T23:00:00.000Z",
    "name": "Noël",
    "type": "public",
    "rule": "12-25",
    "_weekday": "Sun"
  },
  {
    "date": "2016-12-26 00:00:00",
    "start": "2016-12-25T23:00:00.000Z",
    "end": "2016-12-26T23:00:00.000Z",
    "name": "Lendemain de Noël",
    "type": "public",
    "rule": "12-26 on monday",
    "_weekday": "Mon"
  },
  {
    "date": "2016-12-26 00:00:00",
    "start": "2016-12-25T23:00:00.000Z",
    "end": "2016-12-26T23:00:00.000Z",
    "name": "Saint-Etienne",
    "type": "observance",
    "rule": "12-26",
    "_weekday": "Mon"
  }
]