[
  {
    "date": "2017-01-01 00:00:00",
    "start": "2016-12-31T23:00:00.000Z",
    "end": "2017-01-01T23:00:00.000Z",
    "name": "Capodanno",
    "type": "public",
    "rule": "01-01",
    "_weekday": "Sun"
  },
  {
    "date": "2017-01-02 00:00:00",
    "start": "2017-01-01T23:00:00.000Z",
    "end": "2017-01-02T23:00:00.000Z",
    "name": "Berchtoldstag",
    "type": "bank",
    "rule": "01-02",
    "_weekday": "Mon"
  },
  {
    "date": "2017-01-06 00:00:00",
    "start": "2017-01-05T23:00:00.000Z",
    "end": "2017-01-06T23:00:00.000Z",
    "name": "Epifania",
    "type": "public",
    "rule": "01-06",
    "_weekday": "Fri"
  },
  {
    "date": "2017-03-19 00:00:00",
    "start": "2017-03-18T23:00:00.000Z",
    "end": "2017-03-19T23:00:00.000Z",
    "name": "San Giuseppe",
    "type": "public",
    "rule": "03-19",
    "_weekday": "Sun"
  },
  {
    "date": "2017-04-16 00:00:00",
    "start": "2017-04-15T22:00:00.000Z",
    "end": "2017-04-16T22:00:00.000Z",
    "name": "Domenica di Pasqua",
    "type": "public",
    "rule": "easter",
    "_weekday": "Sun"
  },
  {
    "date": "2017-04-17 00:00:00",
    "start": "2017-04-16T22:00:00.000Z",
    "end": "2017-04-17T22:00:00.000Z",
    "name": "Lunedì dell’Angelo",
    "type": "public",
    "rule": "easter 1",
    "_weekday": "Mon"
  },
  {
    "date": "2017-05-01 00:00:00",
    "start": "2017-04-30T22:00:00.000Z",
    "end": "2017-05-01T22:00:00.000Z",
    "name": "Festa del Lavoro",
    "type": "public",
    "rule": "05-01",
    "_weekday": "Mon"
  },
  {
    "date": "2017-05-14 00:00:00",
    "start": "2017-05-13T22:00:00.000Z",
    "end": "2017-05-14T22:00:00.000Z",
    "name": "Festa della mamma",
    "type": "observance",
    "rule": "2nd sunday in May",
    "_weekday": "Sun"
  },
  {
    "date": "2017-05-25 00:00:00",
    "start": "2017-05-24T22:00:00.000Z",
    "end": "2017-05-25T22:00:00.000Z",
    "name": "Ascensione",
    "type": "public",
    "rule": "easter 39",
    "_weekday": "Thu"
  },
  {
    "date": "2017-06-04 00:00:00",
    "start": "2017-06-03T22:00:00.000Z",
    "end": "2017-06-04T22:00:00.000Z",
    "name": "Pentecoste",
    "type": "public",
    "rule": "easter 49",
    "_weekday": "Sun"
  },
  {
    "date": "2017-06-05 00:00:00",
    "start": "2017-06-04T22:00:00.000Z",
    "end": "2017-06-05T22:00:00.000Z",
    "name": "Lunedì di Pentecoste",
    "type": "public",
    "rule": "easter 50",
    "_weekday": "Mon"
  },
  {
    "date": "2017-06-15 00:00:00",
    "start": "2017-06-14T22:00:00.000Z",
    "end": "2017-06-15T22:00:00.000Z",
    "name": "Corpus Domini",
    "type": "public",
    "rule": "easter 60",
    "_weekday": "Thu"
  },
  {
    "date": "2017-06-29 00:00:00",
    "start": "2017-06-28T22:00:00.000Z",
    "end": "2017-06-29T22:00:00.000Z",
    "name": "Santi Pietro e Paolo",
    "type": "public",
    "rule": "06-29",
    "_weekday": "Thu"
  },
  {
    "date": "2017-08-01 00:00:00",
    "start": "2017-07-31T22:00:00.000Z",
    "end": "2017-08-01T22:00:00.000Z",
    "name": "Giorno festivo federale",
    "type": "public",
    "rule": "08-01",
    "_weekday": "Tue"
  },
  {
    "date": "2017-08-15 00:00:00",
    "start": "2017-08-14T22:00:00.000Z",
    "end": "2017-08-15T22:00:00.000Z",
    "name": "Assunzione",
    "type": "public",
    "rule": "08-15",
    "_weekday": "Tue"
  },
  {
    "date": "2017-09-17 00:00:00",
    "start": "2017-09-16T22:00:00.000Z",
    "end": "2017-09-17T22:00:00.000Z",
    "name": "Digiuno federale",
    "type": "public",
    "rule": "3 sunday after 09-01",
    "_weekday": "Sun"
  },
  {
    "date": "2017-11-01 00:00:00",
    "start": "2017-10-31T23:00:00.000Z",
    "end": "2017-11-01T23:00:00.000Z",
    "name": "Ognissanti",
    "type": "public",
    "rule": "11-01",
    "_weekday": "Wed"
  },
  {
    "date": "2017-12-08 00:00:00",
    "start": "2017-12-07T23:00:00.000Z",
    "end": "2017-12-08T23:00:00.000Z",
    "name": "Immacolata Concezione",
    "type": "public",
    "rule": "12-08",
    "_weekday": "Fri"
  },
  {
    "date": "2017-12-25 00:00:00",
    "start": "2017-12-24T23:00:00.000Z",
    "end": "2017-12-25T23:00:00.000Z",
    "name": "Natale",
    "type": "public",
    "rule": "12-25",
    "_weekday": "Mon"
  },
  {
    "date": "2017-12-26 00:00:00",
    "start": "2017-12-25T23:00:00.000Z",
    "end": "2017-12-26T23:00:00.000Z",
    "name": "Santo Stefano",
    "type": "public",
    "rule": "12-26",
    "_weekday": "Tue"
  }
]