[
  {
    "date": "2020-01-01 00:00:00",
    "start": "2019-12-31T23:00:00.000Z",
    "end": "2020-01-01T23:00:00.000Z",
    "name": "Neujahr",
    "type": "public",
    "_weekday": "Wed"
  },
  {
    "date": "2020-01-02 00:00:00",
    "start": "2020-01-01T23:00:00.000Z",
    "end": "2020-01-02T23:00:00.000Z",
    "name": "Berchtoldstag",
    "type": "bank",
    "_weekday": "Thu"
  },
  {
    "date": "2020-01-06 00:00:00",
    "start": "2020-01-05T23:00:00.000Z",
    "end": "2020-01-06T23:00:00.000Z",
    "name": "Dreikönigstag",
    "type": "public",
    "_weekday": "Mon"
  },
  {
    "date": "2020-03-19 00:00:00",
    "start": "2020-03-18T23:00:00.000Z",
    "end": "2020-03-19T23:00:00.000Z",
    "name": "Josefstag",
    "type": "public",
    "_weekday": "Thu"
  },
  {
    "date": "2020-04-12 00:00:00",
    "start": "2020-04-11T22:00:00.000Z",
    "end": "2020-04-12T22:00:00.000Z",
    "name": "Ostersonntag",
    "type": "public",
    "_weekday": "Sun"
  },
  {
    "date": "2020-04-13 00:00:00",
    "start": "2020-04-12T22:00:00.000Z",
    "end": "2020-04-13T22:00:00.000Z",
    "name": "Ostermontag",
    "type": "public",
    "_weekday": "Mon"
  },
  {
    "date": "2020-05-01 00:00:00",
    "start": "2020-04-30T22:00:00.000Z",
    "end": "2020-05-01T22:00:00.000Z",
    "name": "Tag der Arbeit",
    "type": "public",
    "_weekday": "Fri"
  },
  {
    "date": "2020-05-10 00:00:00",
    "start": "2020-05-09T22:00:00.000Z",
    "end": "2020-05-10T22:00:00.000Z",
    "name": "Muttertag",
    "type": "observance",
    "_weekday": "Sun"
  },
  {
    "date": "2020-05-21 00:00:00",
    "start": "2020-05-20T22:00:00.000Z",
    "end": "2020-05-21T22:00:00.000Z",
    "name": "Auffahrt",
    "type": "public",
    "_weekday": "Thu"
  },
  {
    "date": "2020-05-31 00:00:00",
    "start": "2020-05-30T22:00:00.000Z",
    "end": "2020-05-31T22:00:00.000Z",
    "name": "Pfingstsonntag",
    "type": "public",
    "_weekday": "Sun"
  },
  {
    "date": "2020-06-01 00:00:00",
    "start": "2020-05-31T22:00:00.000Z",
    "end": "2020-06-01T22:00:00.000Z",
    "name": "Pfingstmontag",
    "type": "public",
    "_weekday": "Mon"
  },
  {
    "date": "2020-06-11 00:00:00",
    "start": "2020-06-10T22:00:00.000Z",
    "end": "2020-06-11T22:00:00.000Z",
    "name": "Fronleichnam",
    "type": "public",
    "_weekday": "Thu"
  },
  {
    "date": "2020-06-29 00:00:00",
    "start": "2020-06-28T22:00:00.000Z",
    "end": "2020-06-29T22:00:00.000Z",
    "name": "Peter und Paul",
    "type": "public",
    "_weekday": "Mon"
  },
  {
    "date": "2020-08-01 00:00:00",
    "start": "2020-07-31T22:00:00.000Z",
    "end": "2020-08-01T22:00:00.000Z",
    "name": "Bundesfeiertag",
    "type": "public",
    "_weekday": "Sat"
  },
  {
    "date": "2020-08-15 00:00:00",
    "start": "2020-08-14T22:00:00.000Z",
    "end": "2020-08-15T22:00:00.000Z",
    "name": "Mariä Himmelfahrt",
    "type": "public",
    "_weekday": "Sat"
  },
  {
    "date": "2020-09-20 00:00:00",
    "start": "2020-09-19T22:00:00.000Z",
    "end": "2020-09-20T22:00:00.000Z",
    "name": "Eidg. Dank-, Buss- und Bettag",
    "type": "public",
    "_weekday": "Sun"
  },
  {
    "date": "2020-11-01 00:00:00",
    "start": "2020-10-31T23:00:00.000Z",
    "end": "2020-11-01T23:00:00.000Z",
    "name": "Allerheiligen",
    "type": "public",
    "_weekday": "Sun"
  },
  {
    "date": "2020-12-08 00:00:00",
    "start": "2020-12-07T23:00:00.000Z",
    "end": "2020-12-08T23:00:00.000Z",
    "name": "Mariä Empfängnis",
    "type": "public",
    "_weekday": "Tue"
  },
  {
    "date": "2020-12-25 00:00:00",
    "start": "2020-12-24T23:00:00.000Z",
    "end": "2020-12-25T23:00:00.000Z",
    "name": "Weihnachtstag",
    "type": "public",
    "_weekday": "Fri"
  },
  {
    "date": "2020-12-26 00:00:00",
    "start": "2020-12-25T23:00:00.000Z",
    "end": "2020-12-26T23:00:00.000Z",
    "name": "Stephanstag",
    "type": "public",
    "_weekday": "Sat"
  }
]