[
  {
    "date": "2017-01-01 00:00:00",
    "start": "2016-12-31T23:00:00.000Z",
    "end": "2017-01-01T23:00:00.000Z",
    "name": "Neujahr",
    "type": "public",
    "_weekday": "Sun"
  },
  {
    "date": "2017-02-14 00:00:00",
    "start": "2017-02-13T23:00:00.000Z",
    "end": "2017-02-14T23:00:00.000Z",
    "name": "Valentinstag",
    "type": "observance",
    "_weekday": "Tue"
  },
  {
    "date": "2017-02-23 00:00:00",
    "start": "2017-02-22T23:00:00.000Z",
    "end": "2017-02-23T23:00:00.000Z",
    "name": "Weiberfastnacht",
    "type": "observance",
    "_weekday": "Thu"
  },
  {
    "date": "2017-02-27 00:00:00",
    "start": "2017-02-26T23:00:00.000Z",
    "end": "2017-02-27T23:00:00.000Z",
    "name": "Rosenmontag",
    "type": "observance",
    "_weekday": "Mon"
  },
  {
    "date": "2017-02-28 14:00:00",
    "start": "2017-02-28T13:00:00.000Z",
    "end": "2017-02-28T23:00:00.000Z",
    "name": "Faschingsdienstag",
    "type": "bank",
    "_weekday": "Tue"
  },
  {
    "date": "2017-03-01 00:00:00",
    "start": "2017-02-28T23:00:00.000Z",
    "end": "2017-03-01T23:00:00.000Z",
    "name": "Aschermittwoch",
    "type": "observance",
    "_weekday": "Wed"
  },
  {
    "date": "2017-04-13 00:00:00",
    "start": "2017-04-12T22:00:00.000Z",
    "end": "2017-04-13T22:00:00.000Z",
    "name": "Gründonnerstag",
    "type": "observance",
    "_weekday": "Thu"
  },
  {
    "date": "2017-04-14 00:00:00",
    "start": "2017-04-13T22:00:00.000Z",
    "end": "2017-04-14T22:00:00.000Z",
    "name": "Karfreitag",
    "type": "public",
    "_weekday": "Fri"
  },
  {
    "date": "2017-04-16 00:00:00",
    "start": "2017-04-15T22:00:00.000Z",
    "end": "2017-04-16T22:00:00.000Z",
    "name": "Ostersonntag",
    "type": "observance",
    "_weekday": "Sun"
  },
  {
    "date": "2017-04-17 00:00:00",
    "start": "2017-04-16T22:00:00.000Z",
    "end": "2017-04-17T22:00:00.000Z",
    "name": "Ostermontag",
    "type": "public",
    "_weekday": "Mon"
  },
  {
    "date": "2017-05-01 00:00:00",
    "start": "2017-04-30T22:00:00.000Z",
    "end": "2017-05-01T22:00:00.000Z",
    "name": "Maifeiertag",
    "type": "public",
    "_weekday": "Mon"
  },
  {
    "date": "2017-05-14 00:00:00",
    "start": "2017-05-13T22:00:00.000Z",
    "end": "2017-05-14T22:00:00.000Z",
    "name": "Muttertag",
    "type": "observance",
    "_weekday": "Sun"
  },
  {
    "date": "2017-05-25 00:00:00",
    "start": "2017-05-24T22:00:00.000Z",
    "end": "2017-05-25T22:00:00.000Z",
    "name": "Christi Himmelfahrt",
    "type": "public",
    "_weekday": "Thu"
  },
  {
    "date": "2017-06-04 00:00:00",
    "start": "2017-06-03T22:00:00.000Z",
    "end": "2017-06-04T22:00:00.000Z",
    "name": "Pfingstsonntag",
    "type": "observance",
    "_weekday": "Sun"
  },
  {
    "date": "2017-06-05 00:00:00",
    "start": "2017-06-04T22:00:00.000Z",
    "end": "2017-06-05T22:00:00.000Z",
    "name": "Pfingstmontag",
    "type": "public",
    "_weekday": "Mon"
  },
  {
    "date": "2017-06-15 00:00:00",
    "start": "2017-06-14T22:00:00.000Z",
    "end": "2017-06-15T22:00:00.000Z",
    "name": "Fronleichnam",
    "type": "public",
    "note": "In Anrode (nur in den Ortsteilen Bickenriede und Zella), Dünwald (nur in den Ortsteilen Beberstedt und Hüpstedt), Rodeberg (nur im Ortsteil Struth), Südeichsfeld",
    "_weekday": "Thu"
  },
  {
    "date": "2017-10-03 00:00:00",
    "start": "2017-10-02T22:00:00.000Z",
    "end": "2017-10-03T22:00:00.000Z",
    "name": "Tag der Deutschen Einheit",
    "type": "public",
    "_weekday": "Tue"
  },
  {
    "date": "2017-10-31 00:00:00",
    "start": "2017-10-30T23:00:00.000Z",
    "end": "2017-10-31T23:00:00.000Z",
    "name": "Reformationstag",
    "type": "public",
    "_weekday": "Tue"
  },
  {
    "date": "2017-11-01 00:00:00",
    "start": "2017-10-31T23:00:00.000Z",
    "end": "2017-11-01T23:00:00.000Z",
    "name": "Allerheiligen",
    "type": "observance",
    "_weekday": "Wed"
  },
  {
    "date": "2017-11-02 00:00:00",
    "start": "2017-11-01T23:00:00.000Z",
    "end": "2017-11-02T23:00:00.000Z",
    "name": "Allerseelen",
    "type": "observance",
    "_weekday": "Thu"
  },
  {
    "date": "2017-11-11 00:00:00",
    "start": "2017-11-10T23:00:00.000Z",
    "end": "2017-11-11T23:00:00.000Z",
    "name": "Sankt Martin (Faschingsbeginn)",
    "type": "observance",
    "_weekday": "Sat"
  },
  {
    "date": "2017-11-19 00:00:00",
    "start": "2017-11-18T23:00:00.000Z",
    "end": "2017-11-19T23:00:00.000Z",
    "name": "Volkstrauertag",
    "type": "observance",
    "_weekday": "Sun"
  },
  {
    "date": "2017-11-22 00:00:00",
    "start": "2017-11-21T23:00:00.000Z",
    "end": "2017-11-22T23:00:00.000Z",
    "name": "Buß- und Bettag",
    "type": "observance",
    "_weekday": "Wed"
  },
  {
    "date": "2017-11-26 00:00:00",
    "start": "2017-11-25T23:00:00.000Z",
    "end": "2017-11-26T23:00:00.000Z",
    "name": "Totensonntag",
    "type": "observance",
    "_weekday": "Sun"
  },
  {
    "date": "2017-12-24 00:00:00",
    "start": "2017-12-23T23:00:00.000Z",
    "end": "2017-12-24T23:00:00.000Z",
    "name": "Heiliger Abend",
    "type": "bank",
    "_weekday": "Sun"
  },
  {
    "date": "2017-12-25 00:00:00",
    "start": "2017-12-24T23:00:00.000Z",
    "end": "2017-12-25T23:00:00.000Z",
    "name": "1. Weihnachtstag",
    "type": "public",
    "_weekday": "Mon"
  },
  {
    "date": "2017-12-26 00:00:00",
    "start": "2017-12-25T23:00:00.000Z",
    "end": "2017-12-26T23:00:00.000Z",
    "name": "2. Weihnachtstag",
    "type": "public",
    "_weekday": "Tue"
  },
  {
    "date": "2017-12-31 00:00:00",
    "start": "2017-12-30T23:00:00.000Z",
    "end": "2017-12-31T23:00:00.000Z",
    "name": "Silvester",
    "type": "public",
    "_weekday": "Sun"
  }
]