[
  {
    "date": "2025-01-01 00:00:00",
    "start": "2024-12-31T23:00:00.000Z",
    "end": "2025-01-01T23:00:00.000Z",
    "name": "Año Nuevo",
    "type": "public",
    "rule": "01-01",
    "_weekday": "Wed"
  },
  {
    "date": "2025-01-06 00:00:00",
    "start": "2025-01-05T23:00:00.000Z",
    "end": "2025-01-06T23:00:00.000Z",
    "name": "Día de los Reyes Magos",
    "type": "public",
    "rule": "01-06",
    "_weekday": "Mon"
  },
  {
    "date": "2025-03-19 00:00:00",
    "start": "2025-03-18T23:00:00.000Z",
    "end": "2025-03-19T23:00:00.000Z",
    "name": "San José",
    "type": "observance",
    "rule": "03-19",
    "_weekday": "Wed"
  },
  {
    "date": "2025-04-17 00:00:00",
    "start": "2025-04-16T22:00:00.000Z",
    "end": "2025-04-17T22:00:00.000Z",
    "name": "Jueves Santo",
    "type": "observance",
    "rule": "easter -3",
    "_weekday": "Thu"
  },
  {
    "date": "2025-04-18 00:00:00",
    "start": "2025-04-17T22:00:00.000Z",
    "end": "2025-04-18T22:00:00.000Z",
    "name": "Viernes Santo",
    "type": "public",
    "rule": "easter -2",
    "_weekday": "Fri"
  },
  {
    "date": "2025-04-20 00:00:00",
    "start": "2025-04-19T22:00:00.000Z",
    "end": "2025-04-20T22:00:00.000Z",
    "name": "Pascua",
    "type": "observance",
    "rule": "easter",
    "_weekday": "Sun"
  },
  {
    "date": "2025-04-21 00:00:00",
    "start": "2025-04-20T22:00:00.000Z",
    "end": "2025-04-21T22:00:00.000Z",
    "name": "Lunes de Pascua",
    "type": "public",
    "rule": "easter 1",
    "_weekday": "Mon"
  },
  {
    "date": "2025-05-01 00:00:00",
    "start": "2025-04-30T22:00:00.000Z",
    "end": "2025-05-01T22:00:00.000Z",
    "name": "Día del Trabajador",
    "type": "public",
    "rule": "05-01",
    "_weekday": "Thu"
  },
  {
    "date": "2025-05-04 00:00:00",
    "start": "2025-05-03T22:00:00.000Z",
    "end": "2025-05-04T22:00:00.000Z",
    "name": "Día de la Madre",
    "type": "observance",
    "rule": "1st sunday in May",
    "_weekday": "Sun"
  },
  {
    "date": "2025-06-08 00:00:00",
    "start": "2025-06-07T22:00:00.000Z",
    "end": "2025-06-08T22:00:00.000Z",
    "name": "Pentecostés",
    "type": "observance",
    "rule": "easter 49",
    "_weekday": "Sun"
  },
  {
    "date": "2025-06-09 00:00:00",
    "start": "2025-06-08T22:00:00.000Z",
    "end": "2025-06-09T22:00:00.000Z",
    "name": "Lunes de Pentecostés",
    "type": "public",
    "rule": "easter 50",
    "_weekday": "Mon"
  },
  {
    "date": "2025-06-24 00:00:00",
    "start": "2025-06-23T22:00:00.000Z",
    "end": "2025-06-24T22:00:00.000Z",
    "name": "San Juan",
    "type": "public",
    "rule": "06-24",
    "_weekday": "Tue"
  },
  {
    "date": "2025-07-25 00:00:00",
    "start": "2025-07-24T22:00:00.000Z",
    "end": "2025-07-25T22:00:00.000Z",
    "name": "Santiago Apostol",
    "type": "observance",
    "note": "regional",
    "rule": "07-25",
    "_weekday": "Fri"
  },
  {
    "date": "2025-08-15 00:00:00",
    "start": "2025-08-14T22:00:00.000Z",
    "end": "2025-08-15T22:00:00.000Z",
    "name": "Asunción",
    "type": "public",
    "rule": "08-15",
    "_weekday": "Fri"
  },
  {
    "date": "2025-09-11 00:00:00",
    "start": "2025-09-10T22:00:00.000Z",
    "end": "2025-09-11T22:00:00.000Z",
    "name": "Dia de Cataluña",
    "type": "public",
    "rule": "09-11",
    "_weekday": "Thu"
  },
  {
    "date": "2025-09-24 00:00:00",
    "start": "2025-09-23T22:00:00.000Z",
    "end": "2025-09-24T22:00:00.000Z",
    "name": "Mare de Déu de la Mercè",
    "type": "public",
    "rule": "09-24 if sunday then next monday",
    "_weekday": "Wed"
  },
  {
    "date": "2025-10-12 00:00:00",
    "start": "2025-10-11T22:00:00.000Z",
    "end": "2025-10-12T22:00:00.000Z",
    "name": "Fiesta Nacional de España",
    "type": "public",
    "rule": "10-12",
    "_weekday": "Sun"
  },
  {
    "date": "2025-10-13 00:00:00",
    "start": "2025-10-12T22:00:00.000Z",
    "end": "2025-10-13T22:00:00.000Z",
    "name": "Fiesta Nacional de España (día sustituto)",
    "type": "observance",
    "substitute": true,
    "rule": "substitutes 10-12 if sunday then next monday",
    "_weekday": "Mon"
  },
  {
    "date": "2025-11-01 00:00:00",
    "start": "2025-10-31T23:00:00.000Z",
    "end": "2025-11-01T23:00:00.000Z",
    "name": "Todos los Santos",
    "type": "public",
    "rule": "11-01",
    "_weekday": "Sat"
  },
  {
    "date": "2025-12-06 00:00:00",
    "start": "2025-12-05T23:00:00.000Z",
    "end": "2025-12-06T23:00:00.000Z",
    "name": "Día de la Constitución Española",
    "type": "public",
    "rule": "12-06",
    "_weekday": "Sat"
  },
  {
    "date": "2025-12-08 00:00:00",
    "start": "2025-12-07T23:00:00.000Z",
    "end": "2025-12-08T23:00:00.000Z",
    "name": "La inmaculada concepción",
    "type": "public",
    "rule": "12-08",
    "_weekday": "Mon"
  },
  {
    "date": "2025-12-25 00:00:00",
    "start": "2025-12-24T23:00:00.000Z",
    "end": "2025-12-25T23:00:00.000Z",
    "name": "Navidad",
    "type": "public",
    "rule": "12-25",
    "_weekday": "Thu"
  },
  {
    "date": "2025-12-26 00:00:00",
    "start": "2025-12-25T23:00:00.000Z",
    "end": "2025-12-26T23:00:00.000Z",
    "name": "San Esteban",
    "type": "observance",
    "rule": "12-26",
    "_weekday": "Fri"
  }
]