[
  {
    "date": "2020-01-01 00:00:00",
    "start": "2019-12-31T23:00:00.000Z",
    "end": "2020-01-01T23:00:00.000Z",
    "name": "Año Nuevo",
    "type": "public",
    "rule": "01-01",
    "_weekday": "Wed"
  },
  {
    "date": "2020-01-06 00:00:00",
    "start": "2020-01-05T23:00:00.000Z",
    "end": "2020-01-06T23:00:00.000Z",
    "name": "Día de los Reyes Magos",
    "type": "public",
    "rule": "01-06",
    "_weekday": "Mon"
  },
  {
    "date": "2020-03-19 00:00:00",
    "start": "2020-03-18T23:00:00.000Z",
    "end": "2020-03-19T23:00:00.000Z",
    "name": "San José",
    "type": "public",
    "rule": "03-19",
    "_weekday": "Thu"
  },
  {
    "date": "2020-04-09 00:00:00",
    "start": "2020-04-08T22:00:00.000Z",
    "end": "2020-04-09T22:00:00.000Z",
    "name": "Jueves Santo",
    "type": "public",
    "rule": "easter -3",
    "_weekday": "Thu"
  },
  {
    "date": "2020-04-10 00:00:00",
    "start": "2020-04-09T22:00:00.000Z",
    "end": "2020-04-10T22:00:00.000Z",
    "name": "Viernes Santo",
    "type": "public",
    "rule": "easter -2",
    "_weekday": "Fri"
  },
  {
    "date": "2020-04-12 00:00:00",
    "start": "2020-04-11T22:00:00.000Z",
    "end": "2020-04-12T22:00:00.000Z",
    "name": "Pascua",
    "type": "observance",
    "rule": "easter",
    "_weekday": "Sun"
  },
  {
    "date": "2020-05-01 00:00:00",
    "start": "2020-04-30T22:00:00.000Z",
    "end": "2020-05-01T22:00:00.000Z",
    "name": "Fiesta del trabajo",
    "type": "public",
    "rule": "05-01",
    "_weekday": "Fri"
  },
  {
    "date": "2020-05-03 00:00:00",
    "start": "2020-05-02T22:00:00.000Z",
    "end": "2020-05-03T22:00:00.000Z",
    "name": "Día de la Madre",
    "type": "observance",
    "rule": "1st sunday in May",
    "_weekday": "Sun"
  },
  {
    "date": "2020-05-31 00:00:00",
    "start": "2020-05-30T22:00:00.000Z",
    "end": "2020-05-31T22:00:00.000Z",
    "name": "Pentecostés",
    "type": "observance",
    "rule": "easter 49",
    "_weekday": "Sun"
  },
  {
    "date": "2020-06-24 00:00:00",
    "start": "2020-06-23T22:00:00.000Z",
    "end": "2020-06-24T22:00:00.000Z",
    "name": "Sant Joan",
    "type": "public",
    "rule": "06-24",
    "_weekday": "Wed"
  },
  {
    "date": "2020-07-25 00:00:00",
    "start": "2020-07-24T22:00:00.000Z",
    "end": "2020-07-25T22:00:00.000Z",
    "name": "Santiago Apostol",
    "type": "observance",
    "note": "regional",
    "rule": "07-25",
    "_weekday": "Sat"
  },
  {
    "date": "2020-08-15 00:00:00",
    "start": "2020-08-14T22:00:00.000Z",
    "end": "2020-08-15T22:00:00.000Z",
    "name": "Asunción",
    "type": "public",
    "rule": "08-15",
    "_weekday": "Sat"
  },
  {
    "date": "2020-09-11 00:00:00",
    "start": "2020-09-10T22:00:00.000Z",
    "end": "2020-09-11T22:00:00.000Z",
    "name": "Diada de Catalunya",
    "type": "public",
    "rule": "09-11",
    "_weekday": "Fri"
  },
  {
    "date": "2020-09-24 00:00:00",
    "start": "2020-09-23T22:00:00.000Z",
    "end": "2020-09-24T22:00:00.000Z",
    "name": "Mare de Déu de la Mercè",
    "type": "public",
    "rule": "09-24 if sunday then next monday",
    "_weekday": "Thu"
  },
  {
    "date": "2020-10-12 00:00:00",
    "start": "2020-10-11T22:00:00.000Z",
    "end": "2020-10-12T22:00:00.000Z",
    "name": "Fiesta Nacional de España",
    "type": "public",
    "rule": "10-12 if sunday then next monday",
    "_weekday": "Mon"
  },
  {
    "date": "2020-11-01 00:00:00",
    "start": "2020-10-31T23:00:00.000Z",
    "end": "2020-11-01T23:00:00.000Z",
    "name": "Todos los Santos",
    "type": "public",
    "rule": "11-01",
    "_weekday": "Sun"
  },
  {
    "date": "2020-11-02 00:00:00",
    "start": "2020-11-01T23:00:00.000Z",
    "end": "2020-11-02T23:00:00.000Z",
    "name": "Todos los Santos (día sustituto)",
    "type": "public",
    "substitute": true,
    "rule": "substitutes 11-01 if sunday then next monday",
    "_weekday": "Mon"
  },
  {
    "date": "2020-12-07 00:00:00",
    "start": "2020-12-06T23:00:00.000Z",
    "end": "2020-12-07T23:00:00.000Z",
    "name": "Día de la Constitución Española",
    "type": "public",
    "rule": "12-06 if sunday then next monday",
    "_weekday": "Mon"
  },
  {
    "date": "2020-12-08 00:00:00",
    "start": "2020-12-07T23:00:00.000Z",
    "end": "2020-12-08T23:00:00.000Z",
    "name": "La inmaculada concepción",
    "type": "public",
    "rule": "12-08",
    "_weekday": "Tue"
  },
  {
    "date": "2020-12-25 00:00:00",
    "start": "2020-12-24T23:00:00.000Z",
    "end": "2020-12-25T23:00:00.000Z",
    "name": "Navidad",
    "type": "public",
    "rule": "12-25",
    "_weekday": "Fri"
  },
  {
    "date": "2020-12-26 00:00:00",
    "start": "2020-12-25T23:00:00.000Z",
    "end": "2020-12-26T23:00:00.000Z",
    "name": "Sant Esteve",
    "type": "public",
    "rule": "12-26",
    "_weekday": "Sat"
  }
]