[
  {
    "date": "2016-01-01 00:00:00",
    "start": "2015-12-31T23:00:00.000Z",
    "end": "2016-01-01T23:00:00.000Z",
    "name": "New Year's Day",
    "type": "public",
    "rule": "01-01",
    "_weekday": "Fri"
  },
  {
    "date": "2016-03-06 00:00:00",
    "start": "2016-03-05T23:00:00.000Z",
    "end": "2016-03-06T23:00:00.000Z",
    "name": "Mother's Day",
    "type": "observance",
    "rule": "easter -21",
    "_weekday": "Sun"
  },
  {
    "date": "2016-03-14 00:00:00",
    "start": "2016-03-13T23:00:00.000Z",
    "end": "2016-03-14T23:00:00.000Z",
    "name": "Commonwealth Day",
    "type": "public",
    "rule": "2nd monday in March",
    "_weekday": "Mon"
  },
  {
    "date": "2016-03-25 00:00:00",
    "start": "2016-03-24T23:00:00.000Z",
    "end": "2016-03-25T23:00:00.000Z",
    "name": "Good Friday",
    "type": "public",
    "rule": "easter -2",
    "_weekday": "Fri"
  },
  {
    "date": "2016-03-27 00:00:00",
    "start": "2016-03-26T23:00:00.000Z",
    "end": "2016-03-27T22:00:00.000Z",
    "name": "Easter Sunday",
    "type": "observance",
    "rule": "easter",
    "_weekday": "Sun"
  },
  {
    "date": "2016-03-28 00:00:00",
    "start": "2016-03-27T22:00:00.000Z",
    "end": "2016-03-28T22:00:00.000Z",
    "name": "Easter Monday",
    "type": "public",
    "rule": "easter 1",
    "_weekday": "Mon"
  },
  {
    "date": "2016-04-28 00:00:00",
    "start": "2016-04-27T22:00:00.000Z",
    "end": "2016-04-28T22:00:00.000Z",
    "name": "Workers Memorial Day",
    "type": "public",
    "rule": "04-28",
    "_weekday": "Thu"
  },
  {
    "date": "2016-05-02 00:00:00",
    "start": "2016-05-01T22:00:00.000Z",
    "end": "2016-05-02T22:00:00.000Z",
    "name": "May Day",
    "type": "public",
    "rule": "05-01 if sunday, saturday then next monday",
    "_weekday": "Mon"
  },
  {
    "date": "2016-05-30 00:00:00",
    "start": "2016-05-29T22:00:00.000Z",
    "end": "2016-05-30T22:00:00.000Z",
    "name": "Spring bank holiday",
    "type": "public",
    "rule": "1st monday before 06-01",
    "_weekday": "Mon"
  },
  {
    "date": "2016-06-13 00:00:00",
    "start": "2016-06-12T22:00:00.000Z",
    "end": "2016-06-13T22:00:00.000Z",
    "name": "Queen's Birthday",
    "type": "public",
    "rule": "monday before 06-20",
    "_weekday": "Mon"
  },
  {
    "date": "2016-08-29 00:00:00",
    "start": "2016-08-28T22:00:00.000Z",
    "end": "2016-08-29T22:00:00.000Z",
    "name": "Late Summer Bank Holiday",
    "type": "public",
    "rule": "monday before September",
    "_weekday": "Mon"
  },
  {
    "date": "2016-09-05 00:00:00",
    "start": "2016-09-04T22:00:00.000Z",
    "end": "2016-09-05T22:00:00.000Z",
    "name": "Gibraltar National Day (substitute day)",
    "type": "public",
    "substitute": true,
    "rule": "09-10 and if sunday, saturday then previous monday",
    "_weekday": "Mon"
  },
  {
    "date": "2016-09-10 00:00:00",
    "start": "2016-09-09T22:00:00.000Z",
    "end": "2016-09-10T22:00:00.000Z",
    "name": "Gibraltar National Day",
    "type": "public",
    "rule": "09-10 and if sunday, saturday then previous monday",
    "_weekday": "Sat"
  },
  {
    "date": "2016-12-25 00:00:00",
    "start": "2016-12-24T23:00:00.000Z",
    "end": "2016-12-25T23:00:00.000Z",
    "name": "Christmas Day",
    "type": "public",
    "rule": "12-25",
    "_weekday": "Sun"
  },
  {
    "date": "2016-12-26 00:00:00",
    "start": "2016-12-25T23:00:00.000Z",
    "end": "2016-12-26T23:00:00.000Z",
    "name": "Boxing Day",
    "type": "public",
    "rule": "12-26",
    "_weekday": "Mon"
  },
  {
    "date": "2016-12-27 00:00:00",
    "start": "2016-12-26T23:00:00.000Z",
    "end": "2016-12-27T23:00:00.000Z",
    "name": "Christmas Day (substitute day)",
    "type": "public",
    "substitute": true,
    "rule": "substitutes 12-25 if sunday then next tuesday",
    "_weekday": "Tue"
  }
]