[
  {
    "date": "2017-01-01 00:00:00",
    "start": "2016-12-31T23:00:00.000Z",
    "end": "2017-01-01T23:00:00.000Z",
    "name": "New Year's Day",
    "type": "public",
    "rule": "01-01",
    "_weekday": "Sun"
  },
  {
    "date": "2017-01-02 00:00:00",
    "start": "2017-01-01T23:00:00.000Z",
    "end": "2017-01-02T23:00:00.000Z",
    "name": "New Year's Day (substitute day)",
    "type": "public",
    "substitute": true,
    "rule": "substitutes 01-01 if sunday then next monday",
    "_weekday": "Mon"
  },
  {
    "date": "2017-03-13 00:00:00",
    "start": "2017-03-12T23:00:00.000Z",
    "end": "2017-03-13T23:00:00.000Z",
    "name": "Commonwealth Day",
    "type": "public",
    "rule": "2nd monday in March",
    "_weekday": "Mon"
  },
  {
    "date": "2017-03-26 00:00:00",
    "start": "2017-03-25T23:00:00.000Z",
    "end": "2017-03-26T22:00:00.000Z",
    "name": "Mother's Day",
    "type": "observance",
    "rule": "easter -21",
    "_weekday": "Sun"
  },
  {
    "date": "2017-04-14 00:00:00",
    "start": "2017-04-13T22:00:00.000Z",
    "end": "2017-04-14T22:00:00.000Z",
    "name": "Good Friday",
    "type": "public",
    "rule": "easter -2",
    "_weekday": "Fri"
  },
  {
    "date": "2017-04-16 00:00:00",
    "start": "2017-04-15T22:00:00.000Z",
    "end": "2017-04-16T22:00:00.000Z",
    "name": "Easter Sunday",
    "type": "observance",
    "rule": "easter",
    "_weekday": "Sun"
  },
  {
    "date": "2017-04-17 00:00:00",
    "start": "2017-04-16T22:00:00.000Z",
    "end": "2017-04-17T22:00:00.000Z",
    "name": "Easter Monday",
    "type": "public",
    "rule": "easter 1",
    "_weekday": "Mon"
  },
  {
    "date": "2017-04-28 00:00:00",
    "start": "2017-04-27T22:00:00.000Z",
    "end": "2017-04-28T22:00:00.000Z",
    "name": "Workers Memorial Day",
    "type": "public",
    "rule": "04-28",
    "_weekday": "Fri"
  },
  {
    "date": "2017-05-01 00:00:00",
    "start": "2017-04-30T22:00:00.000Z",
    "end": "2017-05-01T22:00:00.000Z",
    "name": "May Day",
    "type": "public",
    "rule": "05-01 if sunday, saturday then next monday",
    "_weekday": "Mon"
  },
  {
    "date": "2017-05-29 00:00:00",
    "start": "2017-05-28T22:00:00.000Z",
    "end": "2017-05-29T22:00:00.000Z",
    "name": "Spring bank holiday",
    "type": "public",
    "rule": "1st monday before 06-01",
    "_weekday": "Mon"
  },
  {
    "date": "2017-06-19 00:00:00",
    "start": "2017-06-18T22:00:00.000Z",
    "end": "2017-06-19T22:00:00.000Z",
    "name": "Queen's Birthday",
    "type": "public",
    "rule": "monday before 06-20",
    "_weekday": "Mon"
  },
  {
    "date": "2017-08-28 00:00:00",
    "start": "2017-08-27T22:00:00.000Z",
    "end": "2017-08-28T22:00:00.000Z",
    "name": "Late Summer Bank Holiday",
    "type": "public",
    "rule": "monday before September",
    "_weekday": "Mon"
  },
  {
    "date": "2017-09-04 00:00:00",
    "start": "2017-09-03T22:00:00.000Z",
    "end": "2017-09-04T22:00:00.000Z",
    "name": "Gibraltar National Day (substitute day)",
    "type": "public",
    "substitute": true,
    "rule": "09-10 and if sunday, saturday then previous monday",
    "_weekday": "Mon"
  },
  {
    "date": "2017-09-10 00:00:00",
    "start": "2017-09-09T22:00:00.000Z",
    "end": "2017-09-10T22:00:00.000Z",
    "name": "Gibraltar National Day",
    "type": "public",
    "rule": "09-10 and if sunday, saturday then previous monday",
    "_weekday": "Sun"
  },
  {
    "date": "2017-12-25 00:00:00",
    "start": "2017-12-24T23:00:00.000Z",
    "end": "2017-12-25T23:00:00.000Z",
    "name": "Christmas Day",
    "type": "public",
    "rule": "12-25",
    "_weekday": "Mon"
  },
  {
    "date": "2017-12-26 00:00:00",
    "start": "2017-12-25T23:00:00.000Z",
    "end": "2017-12-26T23:00:00.000Z",
    "name": "Boxing Day",
    "type": "public",
    "rule": "12-26",
    "_weekday": "Tue"
  }
]