[
  {
    "date": "2016-01-01 00:00:00",
    "start": "2016-01-01T00:00:00.000Z",
    "end": "2016-01-02T00:00:00.000Z",
    "name": "Año Nuevo",
    "type": "public",
    "rule": "01-01",
    "_weekday": "Fri"
  },
  {
    "date": "2016-01-06 00:00:00",
    "start": "2016-01-06T00:00:00.000Z",
    "end": "2016-01-07T00:00:00.000Z",
    "name": "Día de los Reyes Magos",
    "type": "public",
    "rule": "01-06",
    "_weekday": "Wed"
  },
  {
    "date": "2016-03-19 00:00:00",
    "start": "2016-03-19T00:00:00.000Z",
    "end": "2016-03-20T00:00:00.000Z",
    "name": "San José",
    "type": "observance",
    "rule": "03-19",
    "_weekday": "Sat"
  },
  {
    "date": "2016-03-24 00:00:00",
    "start": "2016-03-24T00:00:00.000Z",
    "end": "2016-03-25T00:00:00.000Z",
    "name": "Jueves Santo",
    "type": "observance",
    "rule": "easter -3",
    "_weekday": "Thu"
  },
  {
    "date": "2016-03-25 00:00:00",
    "start": "2016-03-25T00:00:00.000Z",
    "end": "2016-03-26T00:00:00.000Z",
    "name": "Viernes Santo",
    "type": "public",
    "rule": "easter -2",
    "_weekday": "Fri"
  },
  {
    "date": "2016-03-27 00:00:00",
    "start": "2016-03-27T00:00:00.000Z",
    "end": "2016-03-27T23:00:00.000Z",
    "name": "Pascua",
    "type": "observance",
    "rule": "easter",
    "_weekday": "Sun"
  },
  {
    "date": "2016-05-01 00:00:00",
    "start": "2016-04-30T23:00:00.000Z",
    "end": "2016-05-01T23:00:00.000Z",
    "name": "Día de la Madre",
    "type": "observance",
    "rule": "1st sunday in May",
    "_weekday": "Sun"
  },
  {
    "date": "2016-05-01 00:00:00",
    "start": "2016-04-30T23:00:00.000Z",
    "end": "2016-05-01T23:00:00.000Z",
    "name": "Día del trabajador",
    "type": "public",
    "rule": "05-01",
    "_weekday": "Sun"
  },
  {
    "date": "2016-05-02 00:00:00",
    "start": "2016-05-01T23:00:00.000Z",
    "end": "2016-05-02T23:00:00.000Z",
    "name": "Día del trabajador (día sustituto)",
    "type": "observance",
    "substitute": true,
    "rule": "substitutes 05-01 if sunday then next monday",
    "_weekday": "Mon"
  },
  {
    "date": "2016-05-15 00:00:00",
    "start": "2016-05-14T23:00:00.000Z",
    "end": "2016-05-15T23:00:00.000Z",
    "name": "Pentecostés",
    "type": "observance",
    "rule": "easter 49",
    "_weekday": "Sun"
  },
  {
    "date": "2016-05-30 00:00:00",
    "start": "2016-05-29T23:00:00.000Z",
    "end": "2016-05-30T23:00:00.000Z",
    "name": "Día de Canarias",
    "type": "public",
    "rule": "05-30",
    "_weekday": "Mon"
  },
  {
    "date": "2016-07-25 00:00:00",
    "start": "2016-07-24T23:00:00.000Z",
    "end": "2016-07-25T23:00:00.000Z",
    "name": "Santiago Apostol",
    "type": "observance",
    "note": "regional",
    "rule": "07-25",
    "_weekday": "Mon"
  },
  {
    "date": "2016-08-15 00:00:00",
    "start": "2016-08-14T23:00:00.000Z",
    "end": "2016-08-15T23:00:00.000Z",
    "name": "Asunción",
    "type": "public",
    "rule": "08-15",
    "_weekday": "Mon"
  },
  {
    "date": "2016-09-08 00:00:00",
    "start": "2016-09-07T23:00:00.000Z",
    "end": "2016-09-08T23:00:00.000Z",
    "name": "Nuestra Señora del Pino",
    "type": "public",
    "rule": "09-08",
    "_weekday": "Thu"
  },
  {
    "date": "2016-10-12 00:00:00",
    "start": "2016-10-11T23:00:00.000Z",
    "end": "2016-10-12T23:00:00.000Z",
    "name": "Fiesta Nacional de España",
    "type": "public",
    "rule": "10-12",
    "_weekday": "Wed"
  },
  {
    "date": "2016-11-01 00:00:00",
    "start": "2016-11-01T00:00:00.000Z",
    "end": "2016-11-02T00:00:00.000Z",
    "name": "Todos los Santos",
    "type": "public",
    "rule": "11-01",
    "_weekday": "Tue"
  },
  {
    "date": "2016-12-06 00:00:00",
    "start": "2016-12-06T00:00:00.000Z",
    "end": "2016-12-07T00:00:00.000Z",
    "name": "Día de la Constitución Española",
    "type": "public",
    "rule": "12-06",
    "_weekday": "Tue"
  },
  {
    "date": "2016-12-08 00:00:00",
    "start": "2016-12-08T00:00:00.000Z",
    "end": "2016-12-09T00:00:00.000Z",
    "name": "La inmaculada concepción",
    "type": "public",
    "rule": "12-08",
    "_weekday": "Thu"
  },
  {
    "date": "2016-12-25 00:00:00",
    "start": "2016-12-25T00:00:00.000Z",
    "end": "2016-12-26T00:00:00.000Z",
    "name": "Navidad",
    "type": "public",
    "rule": "12-25",
    "_weekday": "Sun"
  },
  {
    "date": "2016-12-26 00:00:00",
    "start": "2016-12-26T00:00:00.000Z",
    "end": "2016-12-27T00:00:00.000Z",
    "name": "Navidad (día sustituto)",
    "type": "observance",
    "substitute": true,
    "rule": "substitutes 12-25 if sunday then next monday",
    "_weekday": "Mon"
  }
]