[
  {
    "date": "2024-01-01 00:00:00",
    "start": "2024-01-01T00:00:00.000Z",
    "end": "2024-01-02T00:00:00.000Z",
    "name": "Bank Holiday",
    "type": "bank",
    "rule": "1st monday in January",
    "_weekday": "Mon"
  },
  {
    "date": "2024-01-01 00:00:00",
    "start": "2024-01-01T00:00:00.000Z",
    "end": "2024-01-02T00:00:00.000Z",
    "name": "New Year's Day",
    "type": "public",
    "rule": "01-01",
    "_weekday": "Mon"
  },
  {
    "date": "2024-02-05 00:00:00",
    "start": "2024-02-05T00:00:00.000Z",
    "end": "2024-02-06T00:00:00.000Z",
    "name": "St. Brigid’s Day",
    "type": "public",
    "rule": "02-01 if Tuesday,Wednesday,Thursday,Saturday,Sunday then next Monday since 2023",
    "_weekday": "Mon"
  },
  {
    "date": "2024-03-10 00:00:00",
    "start": "2024-03-10T00:00:00.000Z",
    "end": "2024-03-11T00:00:00.000Z",
    "name": "Mother's Day",
    "type": "observance",
    "rule": "easter -21",
    "_weekday": "Sun"
  },
  {
    "date": "2024-03-17 00:00:00",
    "start": "2024-03-17T00:00:00.000Z",
    "end": "2024-03-18T00:00:00.000Z",
    "name": "St. Patrick’s Day",
    "type": "public",
    "rule": "03-17",
    "_weekday": "Sun"
  },
  {
    "date": "2024-03-18 00:00:00",
    "start": "2024-03-18T00:00:00.000Z",
    "end": "2024-03-19T00:00:00.000Z",
    "name": "St. Patrick’s Day (substitute day)",
    "type": "bank",
    "substitute": true,
    "rule": "03-17 and if saturday then next monday if sunday then next monday",
    "_weekday": "Mon"
  },
  {
    "date": "2024-03-29 00:00:00",
    "start": "2024-03-29T00:00:00.000Z",
    "end": "2024-03-30T00:00:00.000Z",
    "name": "Good Friday",
    "type": "bank",
    "rule": "easter -2",
    "_weekday": "Fri"
  },
  {
    "date": "2024-03-31 00:00:00",
    "start": "2024-03-31T00:00:00.000Z",
    "end": "2024-03-31T23:00:00.000Z",
    "name": "Easter Sunday",
    "type": "public",
    "rule": "easter",
    "_weekday": "Sun"
  },
  {
    "date": "2024-04-01 00:00:00",
    "start": "2024-03-31T23:00:00.000Z",
    "end": "2024-04-01T23:00:00.000Z",
    "name": "Easter Monday",
    "type": "public",
    "rule": "easter 1",
    "_weekday": "Mon"
  },
  {
    "date": "2024-05-06 00:00:00",
    "start": "2024-05-05T23:00:00.000Z",
    "end": "2024-05-06T23:00:00.000Z",
    "name": "May Day",
    "type": "public",
    "rule": "1st monday in May",
    "_weekday": "Mon"
  },
  {
    "date": "2024-06-03 00:00:00",
    "start": "2024-06-02T23:00:00.000Z",
    "end": "2024-06-03T23:00:00.000Z",
    "name": "First Monday in June",
    "type": "public",
    "rule": "1st monday in June",
    "_weekday": "Mon"
  },
  {
    "date": "2024-06-16 00:00:00",
    "start": "2024-06-15T23:00:00.000Z",
    "end": "2024-06-16T23:00:00.000Z",
    "name": "Father's Day",
    "type": "observance",
    "rule": "3rd sunday in June",
    "_weekday": "Sun"
  },
  {
    "date": "2024-08-05 00:00:00",
    "start": "2024-08-04T23:00:00.000Z",
    "end": "2024-08-05T23:00:00.000Z",
    "name": "First Monday in August",
    "type": "public",
    "rule": "1st monday in August",
    "_weekday": "Mon"
  },
  {
    "date": "2024-10-28 00:00:00",
    "start": "2024-10-28T00:00:00.000Z",
    "end": "2024-10-29T00:00:00.000Z",
    "name": "October Bank Holiday",
    "type": "public",
    "rule": "1st Monday before 11-01",
    "_weekday": "Mon"
  },
  {
    "date": "2024-12-25 00:00:00",
    "start": "2024-12-25T00:00:00.000Z",
    "end": "2024-12-26T00:00:00.000Z",
    "name": "Christmas Day",
    "type": "public",
    "rule": "12-25",
    "_weekday": "Wed"
  },
  {
    "date": "2024-12-26 00:00:00",
    "start": "2024-12-26T00:00:00.000Z",
    "end": "2024-12-27T00:00:00.000Z",
    "name": "St. Stephen's Day",
    "type": "public",
    "rule": "12-26",
    "_weekday": "Thu"
  },
  {
    "date": "2024-12-27 00:00:00",
    "start": "2024-12-27T00:00:00.000Z",
    "end": "2024-12-28T00:00:00.000Z",
    "name": "Christmas Bank Holiday",
    "type": "bank",
    "rule": "12-27 and if saturday then next monday if sunday then next tuesday",
    "_weekday": "Fri"
  }
]