[
  {
    "date": "2016-01-01 00:00:00",
    "start": "2016-01-01T00:00:00.000Z",
    "end": "2016-01-02T00:00:00.000Z",
    "name": "New Year's Day",
    "type": "public",
    "rule": "01-01",
    "_weekday": "Fri"
  },
  {
    "date": "2016-03-06 00:00:00",
    "start": "2016-03-06T00:00:00.000Z",
    "end": "2016-03-07T00:00:00.000Z",
    "name": "Mother's Day",
    "type": "observance",
    "rule": "easter -21",
    "_weekday": "Sun"
  },
  {
    "date": "2016-03-17 00:00:00",
    "start": "2016-03-17T00:00:00.000Z",
    "end": "2016-03-18T00:00:00.000Z",
    "name": "St. Patrick’s Day",
    "type": "public",
    "rule": "03-17",
    "_weekday": "Thu"
  },
  {
    "date": "2016-03-25 00:00:00",
    "start": "2016-03-25T00:00:00.000Z",
    "end": "2016-03-26T00:00:00.000Z",
    "name": "Good Friday",
    "type": "bank",
    "rule": "easter -2",
    "_weekday": "Fri"
  },
  {
    "date": "2016-03-27 00:00:00",
    "start": "2016-03-27T00:00:00.000Z",
    "end": "2016-03-27T23:00:00.000Z",
    "name": "Easter Sunday",
    "type": "public",
    "rule": "easter",
    "_weekday": "Sun"
  },
  {
    "date": "2016-03-28 00:00:00",
    "start": "2016-03-27T23:00:00.000Z",
    "end": "2016-03-28T23:00:00.000Z",
    "name": "Easter Monday",
    "type": "public",
    "rule": "easter 1",
    "_weekday": "Mon"
  },
  {
    "date": "2016-05-02 00:00:00",
    "start": "2016-05-01T23:00:00.000Z",
    "end": "2016-05-02T23:00:00.000Z",
    "name": "May Day",
    "type": "public",
    "rule": "1st monday in May",
    "_weekday": "Mon"
  },
  {
    "date": "2016-06-06 00:00:00",
    "start": "2016-06-05T23:00:00.000Z",
    "end": "2016-06-06T23:00:00.000Z",
    "name": "First Monday in June",
    "type": "public",
    "rule": "1st monday in June",
    "_weekday": "Mon"
  },
  {
    "date": "2016-06-19 00:00:00",
    "start": "2016-06-18T23:00:00.000Z",
    "end": "2016-06-19T23:00:00.000Z",
    "name": "Father's Day",
    "type": "observance",
    "rule": "3rd sunday in June",
    "_weekday": "Sun"
  },
  {
    "date": "2016-08-01 00:00:00",
    "start": "2016-07-31T23:00:00.000Z",
    "end": "2016-08-01T23:00:00.000Z",
    "name": "First Monday in August",
    "type": "public",
    "rule": "1st monday in August",
    "_weekday": "Mon"
  },
  {
    "date": "2016-10-31 00:00:00",
    "start": "2016-10-31T00:00:00.000Z",
    "end": "2016-11-01T00:00:00.000Z",
    "name": "October Bank Holiday",
    "type": "public",
    "rule": "1st Monday before 11-01",
    "_weekday": "Mon"
  },
  {
    "date": "2016-12-25 00:00:00",
    "start": "2016-12-25T00:00:00.000Z",
    "end": "2016-12-26T00:00:00.000Z",
    "name": "Christmas Day",
    "type": "public",
    "rule": "12-25",
    "_weekday": "Sun"
  },
  {
    "date": "2016-12-26 00:00:00",
    "start": "2016-12-26T00:00:00.000Z",
    "end": "2016-12-27T00:00:00.000Z",
    "name": "St. Stephen's Day",
    "type": "public",
    "rule": "12-26",
    "_weekday": "Mon"
  },
  {
    "date": "2016-12-27 00:00:00",
    "start": "2016-12-27T00:00:00.000Z",
    "end": "2016-12-28T00:00:00.000Z",
    "name": "Christmas Bank Holiday",
    "type": "bank",
    "rule": "12-27 and if saturday then next monday if sunday then next tuesday",
    "_weekday": "Tue"
  }
]