[
  {
    "date": "2026-01-01 00:00:00",
    "start": "2026-01-01T00:00:00.000Z",
    "end": "2026-01-02T00:00:00.000Z",
    "name": "New Year's Day",
    "type": "public",
    "rule": "01-01",
    "_weekday": "Thu"
  },
  {
    "date": "2026-02-02 00:00:00",
    "start": "2026-02-02T00:00:00.000Z",
    "end": "2026-02-03T00:00:00.000Z",
    "name": "St. Brigid’s Day",
    "type": "public",
    "rule": "02-01 if Tuesday,Wednesday,Thursday,Saturday,Sunday then next Monday since 2023",
    "_weekday": "Mon"
  },
  {
    "date": "2026-03-15 00:00:00",
    "start": "2026-03-15T00:00:00.000Z",
    "end": "2026-03-16T00:00:00.000Z",
    "name": "Mother's Day",
    "type": "observance",
    "rule": "easter -21",
    "_weekday": "Sun"
  },
  {
    "date": "2026-03-17 00:00:00",
    "start": "2026-03-17T00:00:00.000Z",
    "end": "2026-03-18T00:00:00.000Z",
    "name": "St. Patrick’s Day",
    "type": "public",
    "rule": "03-17",
    "_weekday": "Tue"
  },
  {
    "date": "2026-04-03 00:00:00",
    "start": "2026-04-02T23:00:00.000Z",
    "end": "2026-04-03T23:00:00.000Z",
    "name": "Good Friday",
    "type": "bank",
    "rule": "easter -2",
    "_weekday": "Fri"
  },
  {
    "date": "2026-04-05 00:00:00",
    "start": "2026-04-04T23:00:00.000Z",
    "end": "2026-04-05T23:00:00.000Z",
    "name": "Easter Sunday",
    "type": "public",
    "rule": "easter",
    "_weekday": "Sun"
  },
  {
    "date": "2026-04-06 00:00:00",
    "start": "2026-04-05T23:00:00.000Z",
    "end": "2026-04-06T23:00:00.000Z",
    "name": "Easter Monday",
    "type": "public",
    "rule": "easter 1",
    "_weekday": "Mon"
  },
  {
    "date": "2026-05-04 00:00:00",
    "start": "2026-05-03T23:00:00.000Z",
    "end": "2026-05-04T23:00:00.000Z",
    "name": "May Day",
    "type": "public",
    "rule": "1st monday in May",
    "_weekday": "Mon"
  },
  {
    "date": "2026-06-01 00:00:00",
    "start": "2026-05-31T23:00:00.000Z",
    "end": "2026-06-01T23:00:00.000Z",
    "name": "First Monday in June",
    "type": "public",
    "rule": "1st monday in June",
    "_weekday": "Mon"
  },
  {
    "date": "2026-06-21 00:00:00",
    "start": "2026-06-20T23:00:00.000Z",
    "end": "2026-06-21T23:00:00.000Z",
    "name": "Father's Day",
    "type": "observance",
    "rule": "3rd sunday in June",
    "_weekday": "Sun"
  },
  {
    "date": "2026-08-03 00:00:00",
    "start": "2026-08-02T23:00:00.000Z",
    "end": "2026-08-03T23:00:00.000Z",
    "name": "First Monday in August",
    "type": "public",
    "rule": "1st monday in August",
    "_weekday": "Mon"
  },
  {
    "date": "2026-10-26 00:00:00",
    "start": "2026-10-26T00:00:00.000Z",
    "end": "2026-10-27T00:00:00.000Z",
    "name": "October Bank Holiday",
    "type": "public",
    "rule": "1st Monday before 11-01",
    "_weekday": "Mon"
  },
  {
    "date": "2026-12-25 00:00:00",
    "start": "2026-12-25T00:00:00.000Z",
    "end": "2026-12-26T00:00:00.000Z",
    "name": "Christmas Day",
    "type": "public",
    "rule": "12-25",
    "_weekday": "Fri"
  },
  {
    "date": "2026-12-26 00:00:00",
    "start": "2026-12-26T00:00:00.000Z",
    "end": "2026-12-27T00:00:00.000Z",
    "name": "St. Stephen's Day",
    "type": "public",
    "rule": "12-26",
    "_weekday": "Sat"
  },
  {
    "date": "2026-12-27 00:00:00",
    "start": "2026-12-27T00:00:00.000Z",
    "end": "2026-12-28T00:00:00.000Z",
    "name": "Christmas Bank Holiday",
    "type": "bank",
    "rule": "12-27 and if saturday then next monday if sunday then next tuesday",
    "_weekday": "Sun"
  },
  {
    "date": "2026-12-28 00:00:00",
    "start": "2026-12-28T00:00:00.000Z",
    "end": "2026-12-29T00:00:00.000Z",
    "name": "St. Stephen's Day (substitute day)",
    "type": "bank",
    "substitute": true,
    "rule": "12-26 and if saturday then next monday if sunday then next monday",
    "_weekday": "Mon"
  },
  {
    "date": "2026-12-29 00:00:00",
    "start": "2026-12-29T00:00:00.000Z",
    "end": "2026-12-30T00:00:00.000Z",
    "name": "Christmas Bank Holiday",
    "type": "bank",
    "rule": "12-27 and if saturday then next monday if sunday then next tuesday",
    "_weekday": "Tue"
  }
]