[
  {
    "date": "2016-01-01 00:00:00",
    "start": "2015-12-31T23:00:00.000Z",
    "end": "2016-01-01T23:00:00.000Z",
    "name": "Nowy Rok",
    "type": "public",
    "_weekday": "Fri"
  },
  {
    "date": "2016-01-06 00:00:00",
    "start": "2016-01-05T23:00:00.000Z",
    "end": "2016-01-06T23:00:00.000Z",
    "name": "Święto Trzech Króli",
    "type": "public",
    "_weekday": "Wed"
  },
  {
    "date": "2016-03-27 00:00:00",
    "start": "2016-03-26T23:00:00.000Z",
    "end": "2016-03-27T22:00:00.000Z",
    "name": "Niedziela Wielkanocna",
    "type": "public",
    "_weekday": "Sun"
  },
  {
    "date": "2016-03-28 00:00:00",
    "start": "2016-03-27T22:00:00.000Z",
    "end": "2016-03-28T22:00:00.000Z",
    "name": "Drugi dzień Wielkanocy",
    "type": "public",
    "_weekday": "Mon"
  },
  {
    "date": "2016-05-01 00:00:00",
    "start": "2016-04-30T22:00:00.000Z",
    "end": "2016-05-01T22:00:00.000Z",
    "name": "Święto Państwowe; Święto Pracy",
    "type": "public",
    "_weekday": "Sun"
  },
  {
    "date": "2016-05-03 00:00:00",
    "start": "2016-05-02T22:00:00.000Z",
    "end": "2016-05-03T22:00:00.000Z",
    "name": "Święto Narodowe Trzeciego Maja",
    "type": "public",
    "_weekday": "Tue"
  },
  {
    "date": "2016-05-15 00:00:00",
    "start": "2016-05-14T22:00:00.000Z",
    "end": "2016-05-15T22:00:00.000Z",
    "name": "Zielone Świątki",
    "type": "public",
    "_weekday": "Sun"
  },
  {
    "date": "2016-05-26 00:00:00",
    "start": "2016-05-25T22:00:00.000Z",
    "end": "2016-05-26T22:00:00.000Z",
    "name": "Dzień Matki",
    "type": "observance",
    "_weekday": "Thu"
  },
  {
    "date": "2016-05-26 00:00:00",
    "start": "2016-05-25T22:00:00.000Z",
    "end": "2016-05-26T22:00:00.000Z",
    "name": "Dzień Bożego Ciała",
    "type": "public",
    "_weekday": "Thu"
  },
  {
    "date": "2016-08-15 00:00:00",
    "start": "2016-08-14T22:00:00.000Z",
    "end": "2016-08-15T22:00:00.000Z",
    "name": "Wniebowzięcie Najświętszej Maryi Panny",
    "type": "public",
    "_weekday": "Mon"
  },
  {
    "date": "2016-11-01 00:00:00",
    "start": "2016-10-31T23:00:00.000Z",
    "end": "2016-11-01T23:00:00.000Z",
    "name": "Wszystkich Świętych",
    "type": "public",
    "_weekday": "Tue"
  },
  {
    "date": "2016-11-11 00:00:00",
    "start": "2016-11-10T23:00:00.000Z",
    "end": "2016-11-11T23:00:00.000Z",
    "name": "Narodowe Święto Niepodległości",
    "type": "public",
    "_weekday": "Fri"
  },
  {
    "date": "2016-12-25 00:00:00",
    "start": "2016-12-24T23:00:00.000Z",
    "end": "2016-12-25T23:00:00.000Z",
    "name": "Pierwszy dzień Bożego Narodzenia",
    "type": "public",
    "_weekday": "Sun"
  },
  {
    "date": "2016-12-26 00:00:00",
    "start": "2016-12-25T23:00:00.000Z",
    "end": "2016-12-26T23:00:00.000Z",
    "name": "Drugi dzień Bożego Narodzenia",
    "type": "public",
    "_weekday": "Mon"
  }
]