[
  {
    "date": "2026-01-01 00:00:00",
    "start": "2026-01-01T00:00:00.000Z",
    "end": "2026-01-02T00:00:00.000Z",
    "name": "Ano Novo",
    "type": "public",
    "rule": "01-01 and if Saturday then previous Friday if Sunday then next Monday",
    "_weekday": "Thu"
  },
  {
    "date": "2026-02-03 00:00:00",
    "start": "2026-02-03T00:00:00.000Z",
    "end": "2026-02-04T00:00:00.000Z",
    "name": "Dia dos Mártires",
    "type": "public",
    "rule": "02-03 and if Saturday then previous Friday if Sunday then next Monday",
    "_weekday": "Tue"
  },
  {
    "date": "2026-05-01 00:00:00",
    "start": "2026-05-01T00:00:00.000Z",
    "end": "2026-05-02T00:00:00.000Z",
    "name": "Dia do trabalhador",
    "type": "public",
    "rule": "05-01 and if Saturday then previous Friday if Sunday then next Monday",
    "_weekday": "Fri"
  },
  {
    "date": "2026-07-12 00:00:00",
    "start": "2026-07-12T00:00:00.000Z",
    "end": "2026-07-13T00:00:00.000Z",
    "name": "Dia da Independência",
    "type": "public",
    "rule": "07-12 and if Saturday then previous Friday if Sunday then next Monday",
    "_weekday": "Sun"
  },
  {
    "date": "2026-07-13 00:00:00",
    "start": "2026-07-13T00:00:00.000Z",
    "end": "2026-07-14T00:00:00.000Z",
    "name": "Dia da Independência (substitute day)",
    "type": "public",
    "substitute": true,
    "rule": "07-12 and if Saturday then previous Friday if Sunday then next Monday",
    "_weekday": "Mon"
  },
  {
    "date": "2026-09-06 00:00:00",
    "start": "2026-09-06T00:00:00.000Z",
    "end": "2026-09-07T00:00:00.000Z",
    "name": "Dia das Forças Armadas",
    "type": "public",
    "rule": "09-06 and if Saturday then previous Friday if Sunday then next Monday",
    "_weekday": "Sun"
  },
  {
    "date": "2026-09-07 00:00:00",
    "start": "2026-09-07T00:00:00.000Z",
    "end": "2026-09-08T00:00:00.000Z",
    "name": "Dia das Forças Armadas (substitute day)",
    "type": "public",
    "substitute": true,
    "rule": "09-06 and if Saturday then previous Friday if Sunday then next Monday",
    "_weekday": "Mon"
  },
  {
    "date": "2026-09-30 00:00:00",
    "start": "2026-09-30T00:00:00.000Z",
    "end": "2026-10-01T00:00:00.000Z",
    "name": "Dia da Reforma Agrária",
    "type": "public",
    "rule": "09-30 and if Saturday then previous Friday if Sunday then next Monday",
    "_weekday": "Wed"
  },
  {
    "date": "2026-12-21 00:00:00",
    "start": "2026-12-21T00:00:00.000Z",
    "end": "2026-12-22T00:00:00.000Z",
    "name": "Dia de São Tomé",
    "type": "public",
    "rule": "12-21 and if Saturday then previous Friday if Sunday then next Monday",
    "_weekday": "Mon"
  },
  {
    "date": "2026-12-25 00:00:00",
    "start": "2026-12-25T00:00:00.000Z",
    "end": "2026-12-26T00:00:00.000Z",
    "name": "Natal",
    "type": "public",
    "rule": "12-25 and if Saturday then previous Friday if Sunday then next Monday",
    "_weekday": "Fri"
  }
]