[
  {
    "date": "2017-01-01 00:00:00",
    "start": "2016-12-31T23:00:00.000Z",
    "end": "2017-01-01T23:00:00.000Z",
    "name": "Maria Santissima Madre di Dio",
    "type": "public",
    "_weekday": "Sun"
  },
  {
    "date": "2017-01-06 00:00:00",
    "start": "2017-01-05T23:00:00.000Z",
    "end": "2017-01-06T23:00:00.000Z",
    "name": "Epifania del Signore",
    "type": "public",
    "_weekday": "Fri"
  },
  {
    "date": "2017-02-11 00:00:00",
    "start": "2017-02-10T23:00:00.000Z",
    "end": "2017-02-11T23:00:00.000Z",
    "name": "Anniversario della istituzione dello Stato della Città del Vaticano",
    "type": "public",
    "_weekday": "Sat"
  },
  {
    "date": "2017-03-13 00:00:00",
    "start": "2017-03-12T23:00:00.000Z",
    "end": "2017-03-13T23:00:00.000Z",
    "name": "Anniversario dell'Elezione del Santo Padre",
    "type": "public",
    "_weekday": "Mon"
  },
  {
    "date": "2017-03-19 00:00:00",
    "start": "2017-03-18T23:00:00.000Z",
    "end": "2017-03-19T23:00:00.000Z",
    "name": "San Giuseppe",
    "type": "public",
    "_weekday": "Sun"
  },
  {
    "date": "2017-04-17 00:00:00",
    "start": "2017-04-16T22:00:00.000Z",
    "end": "2017-04-17T22:00:00.000Z",
    "name": "Lunedì dell’Angelo",
    "type": "public",
    "_weekday": "Mon"
  },
  {
    "date": "2017-04-23 00:00:00",
    "start": "2017-04-22T22:00:00.000Z",
    "end": "2017-04-23T22:00:00.000Z",
    "name": "San Giorgio - Onomastico del Santo Padre",
    "type": "public",
    "note": "Name day of Pope Francis (Jorge Mario Bergoglio)",
    "_weekday": "Sun"
  },
  {
    "date": "2017-05-01 00:00:00",
    "start": "2017-04-30T22:00:00.000Z",
    "end": "2017-05-01T22:00:00.000Z",
    "name": "San Giuseppe lavoratore",
    "type": "public",
    "_weekday": "Mon"
  },
  {
    "date": "2017-06-29 00:00:00",
    "start": "2017-06-28T22:00:00.000Z",
    "end": "2017-06-29T22:00:00.000Z",
    "name": "Santi Pietro e Paolo",
    "type": "public",
    "_weekday": "Thu"
  },
  {
    "date": "2017-08-15 00:00:00",
    "start": "2017-08-14T22:00:00.000Z",
    "end": "2017-08-15T22:00:00.000Z",
    "name": "Assunzione di Maria in Cielo",
    "type": "public",
    "_weekday": "Tue"
  },
  {
    "date": "2017-09-08 00:00:00",
    "start": "2017-09-07T22:00:00.000Z",
    "end": "2017-09-08T22:00:00.000Z",
    "name": "Festa della natività della madonna",
    "type": "public",
    "_weekday": "Fri"
  },
  {
    "date": "2017-11-01 00:00:00",
    "start": "2017-10-31T23:00:00.000Z",
    "end": "2017-11-01T23:00:00.000Z",
    "name": "Ognissanti",
    "type": "public",
    "_weekday": "Wed"
  },
  {
    "date": "2017-12-08 00:00:00",
    "start": "2017-12-07T23:00:00.000Z",
    "end": "2017-12-08T23:00:00.000Z",
    "name": "Immacolata Concezione",
    "type": "public",
    "_weekday": "Fri"
  },
  {
    "date": "2017-12-25 00:00:00",
    "start": "2017-12-24T23:00:00.000Z",
    "end": "2017-12-25T23:00:00.000Z",
    "name": "Natale",
    "type": "public",
    "_weekday": "Mon"
  },
  {
    "date": "2017-12-26 00:00:00",
    "start": "2017-12-25T23:00:00.000Z",
    "end": "2017-12-26T23:00:00.000Z",
    "name": "Santo Stefano",
    "type": "public",
    "_weekday": "Tue"
  }
]